äÕëDID,äÕñº,äÕéÌ,ëœãv,ëïçb,âŒóÕ,óãåÇ,ëŒãÛ,â^,ë¨óÕ,éÀíˆ,ÉXÉçÉbÉgêî,ìãç⁄êî,âÒî,ëŒêˆ,çıìG,èâä˙ëïîı,äÕñ∫ÉtÉâÉO
1,ñråé,2,13-24,5-18,6-29,18-59,7-29,12-49,10,1,2,0-0-0-0-0,37-79,16-39,4-17,1-37--1--1--1,1
2,î@åé,2,13-24,5-18,6-29,18-49,7-29,10-49,10,1,2,0-0-0-0-0,37-69,16-39,4-17,1--1--1--1--1,1
6,í∑åé,2,13-24,5-18,6-29,18-49,7-29,15-69,10,1,2,0-0-0-0-0,37-69,16-39,4-17,1--1--1--1--1,1
7,éOì˙åé,2,13-24,5-18,6-29,18-49,7-29,10-49,10,1,2,0-0-0-0-0,37-69,16-39,4-17,1--1--1--1--1,1
9,êÅê·,2,15-29,5-19,10-29,27-79,10-39,17-49,10,1,2,0-0-0-0-0,40-89,20-49,5-19,2-13--1--1--1,1
10,îíê·,2,15-29,5-19,10-29,27-69,10-39,10-49,10,1,2,0-0-0-0-0,40-79,20-49,5-19,2--1--1--1--1,1
11,ê[ê·,2,15-29,5-19,10-29,27-69,10-39,10-49,10,1,2,0-0-0-0-0,40-79,20-49,5-19,2--1--1--1--1,1
12,àÈîg,2,15-29,5-19,10-29,27-69,10-39,10-49,10,1,2,0-0-0-0-0,40-79,20-49,5-19,2--1--1--1--1,1
13,àªîg,2,15-29,5-19,10-29,27-79,12-39,12-49,10,1,2,0-0-0-0-0,41-89,20-49,5-19,2-13--1--1--1,1
14,ï~îg,2,15-29,5-19,10-29,27-69,12-39,10-49,10,1,2,0-0-0-0-0,41-79,20-49,5-19,2--1--1--1--1,1
15,èå,2,15-29,5-19,10-29,27-69,12-39,10-49,10,1,2,0-0-0-0-0,41-79,20-49,5-19,2--1--1--1--1,1
16,í™,2,15-29,5-19,10-29,27-69,12-39,20-79,10,1,2,0-0-0-0-0,41-79,20-49,5-19,2--1--1--1--1,1
17,ózâä,2,16-34,6-19,10-29,24-79,12-39,12-49,10,1,2,0-0-0-0-0,44-79,24-49,6-19,2-14--1--1--1,1
18,ïsímâŒ,2,16-34,6-19,10-29,24-69,9-39,10-49,10,1,2,0-0-0-0-0,44-79,24-49,6-19,2--1--1--1--1,1
19,çïí™,2,16-34,6-19,10-29,24-69,9-39,10-49,10,1,2,0-0-0-0-0,44-79,24-49,6-19,2--1--1--1--1,1
20,ê·ïó,2,16-39,7-29,10-29,24-79,12-49,50-99,10,1,2,0-0-0-0-0,50-89,24-49,6-19,2-14--1--1--1,1
21,í∑ó«,3,26-39,10-29,14-49,24-89,13-59,12-49,10,2,2,1-1-0-0-0,37-79,20-59,8-39,4-14--1--1--1,1
22,å‹è\óÈ,3,26-39,10-29,14-39,24-79,13-49,10-49,10,2,2,1-1-0-0-0,37-69,40-79,8-39,4--1--1--1--1,1
23,óRó«,3,26-39,10-29,14-39,24-79,13-49,10-49,10,2,2,1-1-0-0-0,37-69,40-79,8-39,4--1--1--1--1,1
24,ëÂà‰,3,25-39,11-29,14-49,24-89,13-59,17-49,10,2,2,0-0-0-0-0,37-77,19-59,8-39,4-14--1--1--1,1
25,ñkè„,3,25-39,10-29,14-39,24-79,13-49,15-69,10,2,2,0-0-0-0-0,36-69,19-59,8-39,4-14--1--1--1,1
26,ï}åK,9,67-89,59-79,74-94,0-0,23-79,5-39,5,3,4,3-3-3-3-0,19-39,0-0,9-33,7-11-25--1--1,1
27,éRèÈ,9,67-89,59-79,74-94,0-0,23-79,5-39,5,3,4,3-3-3-3-0,19-39,0-0,9-33,7-11-25--1--1,1
28,éHåé,2,13-24,5-18,6-29,18-49,7-29,10-49,10,1,2,0-0-0-0-0,37-69,16-39,4-17,1--1--1--1--1,1
29,ï∂åé,2,13-24,5-18,6-29,18-49,7-29,10-49,10,1,2,0-0-0-0-0,37-69,16-39,4-17,1--1--1--1--1,1
30,ãeåé,2,13-24,5-18,6-29,18-49,7-29,10-49,10,1,2,0-0-0-0-0,37-69,16-39,4-17,1--1--1--1--1,1
31,ñ]åé,2,13-24,5-18,6-29,18-49,7-29,10-49,10,1,2,0-0-0-0-0,37-69,16-39,4-17,1--1--1--1--1,1
32,èâê·,2,15-29,5-19,10-29,27-69,10-39,10-49,10,1,2,0-0-0-0-0,40-79,20-49,5-19,2--1--1--1--1,1
33,ëpâ_,2,15-29,5-19,10-29,27-69,10-39,10-49,10,1,2,0-0-0-0-0,40-79,20-49,5-19,2--1--1--1--1,1
34,ã≈,2,15-30,6-19,10-29,27-79,12-39,12-49,10,1,2,0-0-0-0-0,42-89,20-49,5-19,2-13--1--1--1,1
35,ãø,2,15-30,6-19,10-29,27-69,12-39,10-49,10,1,2,0-0-0-0-0,42-79,20-49,5-19,2--1--1--1--1,1
36,óã,2,15-30,6-19,10-29,27-69,12-39,10-49,10,1,2,0-0-0-0-0,42-79,20-49,5-19,2--1--1--1--1,1
37,ìd,2,15-30,6-19,10-29,27-69,12-39,10-49,10,1,2,0-0-0-0-0,42-79,20-49,5-19,2--1--1--1--1,1
38,èâèt,2,16-31,6-19,10-29,27-79,12-39,12-49,10,1,2,0-0-0-0-0,43-89,21-49,5-19,2-13--1--1--1,1
39,éqì˙,2,16-31,6-19,10-29,27-69,9-39,10-49,10,1,2,0-0-0-0-0,43-79,21-49,5-19,2--1--1--1--1,1
40,é·ót,2,16-31,6-19,10-29,27-69,9-39,10-49,10,1,2,0-0-0-0-0,43-79,21-49,5-19,2--1--1--1--1,1
41,èâëö,2,16-31,6-19,10-29,27-69,9-39,10-49,10,1,2,0-0-0-0-0,43-79,21-49,5-19,2--1--1--1--1,1
42,îíòI,2,16-32,6-19,10-29,24-79,12-39,12-49,10,1,2,0-0-0-0-0,43-79,21-49,5-19,2-14--1--1--1,1
43,éûâJ,2,16-32,6-19,10-29,24-69,9-39,10-49,10,1,2,0-0-0-0-0,43-79,21-49,5-19,2--1--1--1--1,1
44,ë∫âJ,2,16-32,6-19,10-29,24-69,9-39,10-49,10,1,2,0-0-0-0-0,43-79,21-49,5-19,2--1--1--1--1,1
45,ó[óß,2,16-32,6-19,10-29,24-69,9-39,10-49,10,1,2,0-0-0-0-0,43-79,21-49,5-19,2--1--1--1--1,1
46,å‹åéâJ,2,16-32,6-19,10-29,24-69,9-39,10-49,10,1,2,0-0-0-0-0,43-79,21-49,5-19,2--1--1--1--1,1
47,ó¡ïó,2,16-32,6-19,10-29,24-79,9-39,12-49,10,1,2,0-0-0-0-0,43-79,21-49,5-19,2-14--1--1--1,1
48,Ë≈,2,16-33,6-19,10-29,24-69,9-39,10-49,10,1,2,0-0-0-0-0,43-79,21-49,5-19,2--1--1--1--1,1
49,â‡,2,16-33,6-19,10-29,24-69,9-39,15-59,10,1,2,0-0-0-0-0,43-79,21-49,5-19,2--1--1--1--1,1
50,ìáïó,2,19-39,8-29,12-29,45-89,14-49,10-49,10,1,2,0-0-0-0-0,50-99,24-49,7-19,2-14--1--1--1,1
51,ìVó¥,3,23-35,7-29,11-39,18-59,8-39,17-49,10,2,2,0-0-0-0-0,35-69,18-59,7-19,4-37--1--1--1,1
52,ó¥ìc,3,23-35,7-29,11-39,18-59,8-39,17-49,10,2,2,0-0-0-0-0,35-69,18-59,7-19,4-37--1--1--1,1
53,ñºéÊ,3,26-39,10-29,14-39,24-79,13-49,10-49,10,2,2,1-1-0-0-0,37-69,20-59,8-39,4--1--1--1--1,1
54,êÏì‡,3,26-39,11-29,14-49,24-89,13-59,12-49,10,2,2,1-1-0-0-0,38-79,20-69,8-39,4-25--1--1--1,1
55,ê_í ,3,26-39,11-29,14-39,24-79,13-49,10-49,10,2,2,1-1-0-0-0,38-69,20-69,8-39,4--1--1--1--1,1
56,ìﬂâœ,3,26-39,11-29,14-39,24-79,13-49,10-49,10,2,2,1-1-0-0-0,38-69,24-69,8-39,4--1--1--1--1,1
57,ëÂà‰â¸,4,32-49,12-39,8-39,80-99,13-39,10-49,10,2,2,0-0-0-0-0,37-77,25-59,8-39,15-15--1--1--1,1
58,ñkè„â¸,4,32-49,12-39,8-39,80-99,13-39,15-69,10,2,2,0-0-0-0-0,37-77,25-59,8-39,15-15--1--1--1,1
59,å√ëÈ,5,36-49,25-34,30-54,12-59,16-59,10-49,10,2,3,2-2-2-0-0,33-69,0-0,10-39,6-37--1--1--1,1
60,â¡å√,5,36-49,25-34,30-49,12-49,16-49,10-49,10,2,3,2-2-2-0-0,33-59,0-0,10-39,6--1--1--1--1,1
61,ê¬ót,5,37-49,26-37,30-54,12-59,16-59,20-69,10,2,3,2-2-2-0-0,33-69,0-0,11-39,6-37--1--1--1,1
62,ñ≠çÇ,5,44-60,32-49,40-59,24-59,16-64,10-49,10,2,3,2-2-2-0-0,34-69,0-0,12-39,6-25--1--1--1,1
63,ìﬂíq,5,44-56,32-49,40-54,24-49,16-54,10-49,10,2,3,2-2-2-0-0,34-59,0-0,12-39,6--1--1--1--1,1
64,ë´ïø,5,44-56,32-49,40-54,24-49,16-54,10-49,10,2,3,2-2-2-0-0,34-59,0-0,12-39,6--1--1--1--1,1
65,âHçï,5,44-56,32-49,40-54,24-49,16-54,10-49,10,2,3,2-2-2-0-0,34-59,0-0,12-39,6--1--1--1--1,1
66,çÇóY,5,45-60,35-49,40-59,24-59,18-66,10-49,10,2,3,2-2-2-0-0,35-69,0-0,13-39,6-25--1--1--1,1
67,à§ìÜ,5,45-60,35-49,40-54,24-59,18-56,10-49,10,2,3,2-2-2-0-0,35-59,0-0,13-39,6-25--1--1--1,1
68,ñÄñÎ,5,45-57,35-49,40-54,24-49,18-56,10-49,10,2,3,2-2-2-0-0,35-59,0-0,13-39,6--1--1--1--1,1
69,íπäC,5,45-57,35-49,40-54,24-49,18-56,10-49,10,2,3,2-2-2-0-0,35-59,0-0,13-39,6--1--1--1--1,1
70,ç≈è„,5,41-59,31-59,40-59,18-69,20-59,10-49,10,2,3,2-2-2-0-0,35-69,0-0,14-39,5-25--1--1--1,1
71,óòç™,5,44-62,36-59,32-59,24-59,20-67,10-49,10,2,3,3-3-3-0-0,36-69,0-0,20-59,6-25--1--1--1,1
72,í}ñÄ,5,44-62,36-59,32-59,24-59,20-67,10-49,10,2,3,3-3-3-0-0,36-69,0-0,20-59,6-25--1--1--1,1
73,ç≈è„â¸,6,50-67,37-71,24-75,18-69,20-59,10-69,10,2,4,5-6-5-3-0,35-69,0-0,22-59,6-26-25--1--1,1
74,èÀñP,7,32-55,19-39,0-19,0-0,14-29,10-49,10,1,3,18-9-3-0-0,28-49,0-0,34-69,23-16--1--1--1,1
75,îÚëÈ,7,40-64,21-39,0-19,0-0,21-59,10-49,5,1,4,12-18-18-10-0,28-54,0-0,38-59,19-23-16--1--1,1
76,ó¥Èà,7,31-54,17-39,0-19,0-0,16-29,10-49,10,1,3,9-24-5-0-0,27-44,0-0,34-69,19-16--1--1--1,1
77,à…ê®,9,74-89,70-89,74-89,0-0,28-79,15-69,5,3,4,3-3-3-3-0,22-49,0-0,10-36,7-4-25--1--1,1
78,ã‡çÑ,8,63-79,52-69,63-89,0-0,24-69,12-49,10,3,3,3-3-3-0-0,30-59,0-0,13-39,7-11-37--1--1,1
79,êYñº,8,63-79,52-69,63-89,0-0,24-69,15-69,10,3,3,3-3-3-0-0,30-59,0-0,13-39,7-11-37--1--1,1
80,í∑ñÂ,9,80-94,75-89,82-99,0-0,31-89,20-79,5,3,4,3-3-3-3-0,24-49,0-0,12-39,8-4-25--1--1,1
81,ó§âú,9,80-94,75-89,82-99,0-0,31-89,3-39,5,3,4,3-3-3-3-0,24-49,0-0,12-39,8-4-25--1--1,1
82,à…ê®â¸,10,77-89,74-92,63-79,0-0,45-89,30-79,5,3,4,11-11-11-14-0,36-77,0-0,20-49,7-26--1--1--1,1
83,ê‘èÈ,11,69-79,28-54,0-39,0-0,32-69,12-49,10,1,4,18-18-27-10-0,28-49,0-0,44-69,20-23-16--1--1,1
84,â¡âÍ,11,71-89,29-59,0-39,0-0,28-69,10-49,10,1,4,18-18-45-12-0,27-49,0-0,40-69,20-23-16--1--1,1
85,ñ∂ìá,8,63-79,52-69,63-89,0-0,24-69,10-49,10,3,3,3-3-3-0-0,30-59,0-0,13-39,7-11-37--1--1,1
86,î‰âb,8,63-79,52-69,63-89,0-0,24-69,10-49,10,3,3,3-3-3-0-0,30-59,0-0,13-39,7-11-37--1--1,1
87,ì˙å¸,9,74-89,70-89,74-94,0-0,28-79,15-69,5,3,4,3-3-3-3-0,22-49,0-0,10-36,7-4-25--1--1,1
88,ì˙å¸â¸,10,77-89,74-92,63-79,0-0,45-89,30-79,5,3,4,11-11-11-14-0,36-77,0-0,20-49,7-26--1--1--1,1
89,ñP„ƒ,7,30-49,15-39,0-19,0-0,10-29,20-69,5,1,2,8-11-0-0-0,24-39,0-0,32-69,23--1--1--1--1,1
90,ëìó¥,11,50-79,27-49,0-29,0-0,26-69,10-49,10,1,4,12-27-18-7-0,33-59,0-0,42-69,20-23-16--1--1,1
91,îÚó¥,11,50-79,27-49,0-29,0-0,26-69,35-89,10,1,4,12-27-18-7-0,37-69,0-0,42-69,20-23-16--1--1,1
92,îπëÈ,7,40-64,21-39,0-19,0-0,21-59,20-79,5,1,4,12-18-18-10-0,28-54,0-0,38-59,19-23-16--1--1,1
93,ûO,2,15-29,5-19,10-29,27-69,12-39,10-49,10,1,2,0-0-0-0-0,41-79,20-49,5-19,2--1--1--1--1,1
94,ó¯,2,15-29,5-19,10-29,27-69,12-39,10-49,10,1,2,0-0-0-0-0,41-79,20-49,5-19,2--1--1--1--1,1
95,í©í™,2,16-33,6-19,10-29,24-79,12-39,12-49,10,1,2,0-0-0-0-0,43-79,21-49,5-19,2-14--1--1--1,1
96,ëÂí™,2,16-33,6-19,10-29,24-69,9-39,10-49,10,1,2,0-0-0-0-0,43-79,21-49,5-19,2--1--1--1--1,1
97,ñûí™,2,16-33,6-19,10-29,24-69,9-39,10-49,10,1,2,0-0-0-0-0,43-79,21-49,5-19,2--1--1--1--1,1
98,çrí™,2,16-33,6-19,10-29,24-69,9-39,10-49,10,1,2,0-0-0-0-0,43-79,21-49,5-19,2--1--1--1--1,1
99,ãÖñÅ,3,25-39,10-29,14-49,24-89,13-59,12-49,10,2,2,1-1-0-0-0,36-79,19-59,8-39,4-25--1--1--1,1
100,ëΩñÄ,3,25-39,10-29,14-39,24-79,13-49,10-49,10,2,2,1-1-0-0-0,36-69,19-59,8-39,4--1--1--1--1,1
101,ñÿë\,3,25-39,10-29,14-39,24-79,13-49,10-49,10,2,2,1-1-0-0-0,36-69,19-59,8-39,4--1--1--1--1,1
102,êÁçŒ,16,40-59,18-39,9-29,0-0,14-29,10-49,10,1,2,12-12-0-0-0,20-39,0-0,34-69,10-25--1--1--1,1
103,êÁë„ìc,16,40-59,18-39,9-29,0-0,14-29,10-49,10,1,2,12-12-0-0-0,20-39,0-0,34-69,10-25--1--1--1,1
104,êÁçŒâ¸,16,41-59,20-39,9-29,0-29,15-29,10-49,10,1,3,12-6-6-0-0,25-44,0-0,36-69,25-26-2--1--1,1
105,êÁë„ìcâ¸,16,41-59,20-39,9-29,0-29,15-29,10-49,10,1,3,12-6-6-0-0,25-44,0-0,36-69,25-26-2--1--1,1
106,êÁçŒçb,16,42-59,21-39,9-29,15-72,17-39,10-59,10,1,3,12-6-6-0-0,27-49,0-0,30-69,25-41-41--1--1,1
107,êÁë„ìcçb,16,42-59,21-39,9-29,15-72,17-39,10-59,10,1,3,12-6-6-0-0,27-49,0-0,30-69,25-41-41--1--1,1
108,êÁçŒçq,7,47-59,25-39,0-19,0-0,20-49,10-59,10,1,3,21-9-6-0-0,37-67,0-0,36-69,20-16--1--1--1,1
109,êÁë„ìcçq,7,47-59,25-39,0-19,0-0,20-49,10-59,10,1,3,21-9-6-0-0,37-67,0-0,36-69,20-16--1--1--1,1
110,„ƒíﬂ,11,62-79,33-49,0-39,0-0,29-69,10-49,10,1,4,21-21-21-12-0,36-59,0-0,44-69,20-23-16--1--1,1
111,êêíﬂ,11,62-79,33-49,0-39,0-0,29-69,40-89,10,1,4,21-21-21-12-0,39-69,0-0,44-69,20-23-16--1--1,1
112,êêíﬂâ¸,11,75-90,42-72,0-39,0-0,40-79,42-89,10,1,4,24-24-24-12-0,42-79,0-0,48-89,21-24-51--1--1,1
113,ãSì{,3,26-39,10-29,14-39,24-79,13-49,12-49,10,2,2,1-1-0-0-0,38-69,20-59,8-39,4--1--1--1--1,1
114,à¢ïêåG,3,27-39,10-29,14-39,24-79,13-49,12-49,10,2,2,1-1-0-0-0,39-69,20-59,8-39,4--1--1--1--1,1
115,ó[í£,3,19-33,10-29,17-42,20-69,10-42,12-49,10,2,3,0-0-0-0-0,42-69,13-39,6-39,4-4--1--1--1,1
116,êêñP,7,32-55,19-39,0-19,0-0,14-29,30-79,10,1,3,18-9-3-0-0,29-49,0-0,34-69,23-16--1--1--1,1
117,êêñPâ¸,7,45-69,25-59,0-29,0-0,18-39,40-89,10,1,4,18-12-12-6-0,29-59,0-0,35-79,21-24-17--1--1,1
118,ëÂà‰â¸ìÒ,4,43-59,23-63,17-63,90-139,15-49,13-49,10,2,3,0-0-0-0-0,43-83,27-79,9-43,10-58-30--1--1,1
119,ñkè„â¸ìÒ,4,43-59,23-63,17-63,90-139,15-49,30-79,10,2,3,0-0-0-0-0,43-83,27-79,9-43,10-58-30--1--1,1
120,éOåG,5,40-59,30-59,40-59,18-69,18-59,5-49,10,2,3,2-2-2-0-0,31-62,0-0,14-39,6-25--1--1--1,1
121,éOåGâ¸,6,50-67,37-71,24-75,18-69,20-59,10-69,10,2,4,5-6-5-3-0,34-69,0-0,22-59,50-30-26--1--1,1
122,ïëïó,2,16-34,6-19,10-29,24-69,9-39,10-49,10,1,2,0-0-0-0-0,45-79,24-49,6-19,2-39--1--1--1,1
123,àﬂä},5,37-49,26-37,30-54,12-59,16-59,20-69,10,2,3,2-2-2-0-0,33-69,0-0,11-39,6-37--1--1--1,1
124,óÈíJ,5,40-59,30-59,40-59,18-69,18-59,5-49,10,2,3,2-2-2-0-0,31-62,0-0,14-39,6-25--1--1--1,1
125,åFñÏ,5,40-59,30-59,40-59,18-69,18-59,5-49,10,2,3,2-2-2-0-0,31-62,0-0,14-39,6-25--1--1--1,1
126,à…168,13,10-17,3-17,2-7,24-59,0-0,10-49,5,1,1,0-0-0-0-0,15-39,0-0,9-29,-1--1--1--1--1,1
127,à…58,13,14-19,4-19,2-9,30-69,0-0,40-79,5,1,1,0-0-0-0-0,13-36,0-0,10-39,-1--1--1--1--1,1
128,à…8,13,15-19,4-19,2-9,30-69,0-0,20-59,5,1,1,0-0-0-0-0,14-37,0-0,10-39,-1--1--1--1--1,1
129,óÈíJâ¸,6,50-67,37-71,24-75,18-69,20-59,10-69,10,2,4,5-6-5-3-0,34-69,0-0,22-59,6-30-26--1--1,1
130,åFñÏâ¸,6,50-67,37-71,24-75,18-69,20-59,10-69,10,2,4,5-6-5-3-0,34-69,0-0,22-59,6-28-26--1--1,1
131,ëÂòa,9,93-98,88-108,96-129,0-0,50-94,12-79,5,4,4,7-7-7-7-0,27-59,0-0,15-39,9-12-59--1--1,1
132,èHâ_,2,16-34,6-19,10-29,24-69,9-39,14-49,10,1,2,0-0-0-0-0,45-79,24-49,6-19,2-39--1--1--1,1
133,ó[â_,2,16-34,6-19,10-30,24-69,9-39,12-49,10,1,2,0-0-0-0-0,47-80,27-52,6-19,2-39--1--1--1,1
134,ä™â_,2,16-34,6-19,10-30,24-69,9-39,11-49,10,1,2,0-0-0-0-0,47-80,27-52,6-19,2-39--1--1--1,1
135,í∑îg,2,16-34,6-19,10-30,24-69,9-39,13-49,10,1,2,0-0-0-0-0,47-80,27-52,6-19,2-39--1--1--1,1
136,ëÂòaâ¸,9,96-108,92-118,92-139,0-0,68-104,13-79,5,4,4,7-7-7-7-0,28-64,0-0,17-39,9-10-28--1--1,1
137,à¢âÍñÏ,3,30-45,17-32,20-42,24-72,17-60,10-49,10,2,3,2-2-2-0-0,37-72,25-70,12-45,65-66--1--1--1,1
138,î\ë„,3,30-45,17-32,20-42,24-72,17-60,10-49,10,2,3,2-2-2-0-0,37-72,25-70,12-45,65-66--1--1--1,1
139,ñÓîä,3,31-45,17-33,20-42,24-72,17-63,13-59,10,2,3,2-2-2-0-0,38-72,25-70,13-45,65-66--1--1--1,1
140,éìı,3,31-45,17-32,19-41,23-71,17-62,20-49,10,2,3,2-2-2-0-0,36-72,27-72,12-45,65-66--1--1--1,1
141,å‹è\óÈâ¸ìÒ,3,44-59,30-69,18-59,24-79,45-84,13-67,10,1,3,0-0-0-0-0,42-79,54-94,15-59,28-30-45--1--1,1
142,àﬂä}â¸ìÒ,5,53-65,35-73,38-78,24-74,22-66,13-65,10,2,4,2-2-2-2-0,38-79,0-0,13-54,50-15--1--1--1,1
143,ïêë†,9,94-98,88-108,96-129,0-0,50-94,10-79,5,4,4,7-7-7-7-0,27-59,0-0,16-40,9-12-59--1--1,1
144,ó[óßâ¸ìÒ,2,31-58,14-52,17-73,37-93,16-59,20-59,10,1,3,0-0-0-0-0,46-89,28-69,12-49,63-15--1--1--1,1
145,éûâJâ¸ìÒ,2,31-49,14-52,13-57,28-84,24-72,50-79,10,1,3,0-0-0-0-0,62-93,30-69,9-43,28-27--1--1--1,1
146,ñÿë\â¸ìÒ,4,44-59,24-65,18-64,80-110,24-72,13-69,10,2,3,0-0-0-0-0,45-84,32-82,13-49,58-27-40--1--1,1
147,ÑBÑuÑÇÑ~ÑçÑz,2,37-49,15-57,13-54,30-89,18-59,20-77,10,1,3,0-0-0-0-0,47-89,30-74,10-44,-1--1--1--1--1,1
148,ïêë†â¸,9,97-108,92-119,92-139,0-0,60-99,9-79,5,4,4,7-7-7-7-0,27-63,0-0,18-40,9-40-28--1--1,1
149,ã‡çÑâ¸ìÒ,8,82-99,70-94,76-98,0-0,30-84,15-79,10,3,4,3-3-3-3-0,37-72,0-0,16-49,8-30-28--1--1,1
150,î‰âbâ¸ìÒ,8,83-99,72-95,76-98,0-0,30-82,13-79,10,3,4,3-3-3-3-0,36-72,0-0,16-49,8-30-35--1--1,1
151,êYñºâ¸ìÒ,8,81-99,70-93,75-96,0-0,41-92,41-89,10,3,4,3-3-3-3-0,39-74,0-0,17-49,104-104-35-27--1,1
152,ñ∂ìáâ¸ìÒ,8,82-99,70-92,78-104,0-0,30-82,14-79,10,3,4,3-3-3-3-0,34-72,0-0,15-49,8-74-30--1--1,1
153,ëÂñP,18,67-87,40-79,0-49,0-0,42-79,2-19,10,1,4,18-18-18-7-0,33-57,0-0,47-74,60-24-17--1--1,1
154,çÅéÊ,21,36-48,9-27,14-28,12-28,14-42,10-49,5,2,3,1-1-1-0-0,24-49,12-42,10-38,119-10-39--1--1,1
155,à…401,14,20-24,5-24,2-9,36-72,0-0,20-59,5,1,1,3-0-0-0-0,13-35,0-0,15-45,-1--1--1--1--1,1
156,ëÂñPâ¸,18,70-90,44-84,0-59,0-0,45-86,4-39,10,1,4,30-24-24-8-0,34-59,0-0,50-77,22-18-71--1--1,1
157,ó¥Èàâ¸ìÒ,7,50-72,28-62,0-40,0-0,24-48,15-59,10,1,4,18-28-6-3-0,36-69,0-0,37-79,60-39-61--1--1,1
158,êÏì‡â¸ìÒ,3,48-64,29-69,24-67,26-88,20-70,14-79,10,2,3,1-1-1-0-0,43-84,38-74,16-55,101-74-102--1--1,1
159,ê_í â¸ìÒ,3,50-63,29-69,27-70,38-98,18-68,13-79,10,2,3,1-1-1-0-0,41-80,40-80,12-54,74-15-15--1--1,1
160,ìﬂâœâ¸ìÒ,3,48-62,29-68,22-68,28-84,24-72,13-69,10,2,3,1-1-1-0-0,42-82,48-84,15-54,10-15-30--1--1,1
161,Ç†Ç´Ç¬ä€,17,38-49,13-33,6-19,0-0,13-29,10-39,5,1,2,0-0-0-0-0,15-39,0-0,3-13,68-39--1--1--1,1
163,Ç‹ÇÈÇ‰,13,6-9,2-9,1-3,0-9,0-0,7-77,5,1,0,0-0-0-0-0,9-19,0-0,1-9,-1--1--1--1--1,1
164,ñÌê∂,2,13-24,5-18,6-29,18-49,7-29,10-49,10,1,2,0-0-0-0-0,37-69,16-39,4-17,1--1--1--1--1,1
165,âKåé,2,13-24,5-18,6-29,18-49,7-29,10-49,10,1,2,0-0-0-0-0,37-69,16-39,4-17,1--1--1--1--1,1
166,Ç†Ç´Ç¬ä€â¸,17,40-59,15-43,8-33,0-0,15-37,13-49,5,1,3,8-8-8-0-0,17-49,0-0,13-59,70-69--1--1--1,1
167,àÈïó,2,16-34,6-19,10-29,24-69,14-44,16-54,10,1,2,0-0-0-0-0,44-79,24-49,8-19,2-40--1--1--1,1
168,âYïó,2,16-34,6-19,10-29,24-69,10-40,13-49,10,1,2,0-0-0-0-0,44-79,24-49,7-19,2-44--1--1--1,1
169,íJïó,2,16-34,6-19,10-29,24-69,10-40,14-49,10,1,2,0-0-0-0-0,44-79,24-49,7-19,2-44--1--1--1,1
170,ïlïó,2,16-34,6-19,10-29,24-69,13-42,15-49,10,1,2,0-0-0-0-0,44-79,24-49,7-19,2-44--1--1--1,1
171,Bismarck,8,90-96,67-83,64-88,0-0,18-48,8-69,10,3,4,4-4-4-4-0,33-63,0-0,16-42,76-77--1--1--1,1
172,Bismarckâ¸,8,94-99,77-93,70-93,0-0,24-58,10-79,10,3,4,4-4-4-4-0,38-69,0-0,18-52,76-77--1--1--1,1
173,Bismarck zwei,8,96-99,80-94,70-97,0-0,25-62,20-82,10,3,4,4-4-4-4-0,39-72,0-0,19-54,76-85-84--1--1,1
174,Z1,2,18-29,8-22,8-26,24-60,12-42,6-39,10,1,3,0-0-0-0-0,36-76,32-64,6-24,78--1--1--1--1,1
175,Z3,2,18-29,8-22,8-26,24-60,12-42,6-39,10,1,3,0-0-0-0-0,36-76,32-64,6-24,78--1--1--1--1,1
176,Prinz Eugen,5,50-72,38-64,38-56,32-64,16-44,30-79,10,2,3,3-3-3-0-0,34-68,0-0,15-40,123-115--1--1--1,1
177,Prinz Eugenâ¸,5,63-79,48-82,48-75,40-84,18-60,40-89,10,2,4,3-3-3-3-0,40-74,0-0,16-50,123-84-124--1--1,1
178,Bismarck drei,8,96-99,82-95,74-99,16-36,35-70,22-84,10,3,4,4-4-4-4-0,40-74,0-0,22-59,114-114-85-115--1,1
179,Z1 zwei,2,35-59,18-53,12-49,27-71,20-64,15-49,10,1,3,0-0-0-0-0,43-84,37-69,9-43,84-78--1--1--1,1
180,Z3 zwei,2,35-59,18-53,10-47,27-71,24-68,15-49,10,1,3,0-0-0-0-0,43-84,37-69,9-43,85-78--1--1--1,1
181,ìVí√ïó,2,18-37,7-25,10-29,28-79,22-53,18-59,10,1,3,0-0-0-0-0,48-89,26-54,8-19,2-14-34--1--1,1
182,ñæêŒ,19,39-48,7-19,4-14,0-0,10-24,10-39,5,1,3,0-0-0-0-0,8-29,0-0,1-5,86-39--1--1--1,1
183,ëÂóÑ,3,34-47,19-34,24-48,0-39,18-62,24-69,10,2,3,0-6-6-0-0,35-70,0-39,24-80,5-71-25--1--1,1
184,ëÂå~,20,39-55,15-37,5-15,0-0,16-36,20-59,5,1,3,2-3-3-0-0,24-39,0-0,24-48,10-92--1--1--1,1
185,ó¥ñP,7,39-57,18-38,0-20,0-0,24-48,20-69,5,1,3,18-7-6-0-0,27-49,0-0,28-64,20-16--1--1--1,1
186,éûí√ïó,2,16-34,6-19,10-29,24-69,10-40,13-49,10,1,2,0-0-0-0-0,44-79,24-49,7-19,2-14--1--1--1,1
187,ñæêŒâ¸,19,45-58,9-27,6-24,0-0,16-36,12-49,5,1,4,0-0-0-0-0,10-39,0-0,2-6,86-10-39--1--1,1
188,óòç™â¸ìÒ,6,59-72,48-79,46-77,32-82,32-82,15-69,10,2,4,2-2-9-5-0,42-79,0-0,30-90,50-30-79--1--1,1
189,í}ñÄâ¸ìÒ,6,58-72,48-79,46-77,33-83,33-83,14-67,10,2,4,2-2-9-5-0,42-79,0-0,30-90,50-30-79--1--1,1
190,èâïó,2,16-34,6-19,10-29,24-69,9-39,10-49,10,1,2,0-0-0-0-0,45-79,24-49,6-19,2-39--1--1--1,1
191,à…19,13,14-19,4-18,2-9,36-79,0-0,12-49,5,1,1,0-0-0-0-0,12-36,0-0,10-39,-1--1--1--1--1,1
192,ìﬂíqâ¸ìÒ,5,56-71,48-78,50-80,34-84,33-83,18-70,10,2,4,2-2-4-4-0,44-83,0-0,20-60,-1--1--1--1--1,1
193,ë´ïøâ¸ìÒ,5,56-71,47-79,53-82,34-84,26-74,20-72,10,2,4,2-2-4-4-0,44-83,0-0,17-57,90-90-90--1--1,1
194,âHçïâ¸ìÒ,5,57-71,47-77,52-84,34-84,24-72,19-70,10,2,4,2-2-4-4-0,45-84,0-0,18-58,90-90-28--1--1,1
195,àªîgâ¸ìÒ,2,32-54,15-54,17-70,30-87,16-52,40-77,10,1,3,0-0-0-0-0,50-90,25-63,13-49,63-101-74--1--1,1
196,îÚó¥â¸ìÒ,11,67-89,37-76,0-64,0-0,33-82,50-92,10,1,4,18-36-22-3-0,40-82,0-0,52-89,96-97-93--1--1,1
197,ëìó¥â¸ìÒ,11,67-89,36-75,0-57,0-0,34-84,15-59,10,1,4,18-35-20-6-0,36-74,0-0,55-90,96-99-98-61--1,1
200,à¢ïêåGâ¸ìÒ,3,45-61,29-68,16-56,34-94,35-78,20-74,10,1,3,1-1-1-0-0,45-83,48-82,16-60,91-106-68--1--1,1
201,êÅê·â¸,2,30-49,13-49,12-49,28-79,15-49,12-49,10,1,3,0-0-0-0-0,45-89,24-59,7-39,3-13--1--1--1,1
202,îíê·â¸,2,30-49,13-49,12-49,28-79,15-49,12-49,10,1,3,0-0-0-0-0,45-89,24-59,7-39,3-13--1--1--1,1
203,èâê·â¸,2,30-49,13-49,12-49,28-79,15-49,12-49,10,1,3,0-0-0-0-0,45-89,24-59,7-39,3-13--1--1--1,1
204,ê[ê·â¸,2,30-49,13-49,12-49,28-79,15-49,12-49,10,1,3,0-0-0-0-0,45-89,24-59,7-39,3-13--1--1--1,1
205,ëpâ_â¸,2,30-49,13-49,12-49,28-79,15-49,12-49,10,1,3,0-0-0-0-0,45-89,24-59,7-39,3-13--1--1--1,1
206,àÈîgâ¸,2,30-49,13-49,12-49,28-79,15-49,12-49,10,1,3,0-0-0-0-0,45-89,24-59,7-39,3-13--1--1--1,1
207,àªîgâ¸,2,30-49,13-49,12-49,28-79,15-49,12-49,10,1,3,0-0-0-0-0,45-89,24-59,7-39,3-13--1--1--1,1
208,ï~îgâ¸,2,30-49,13-49,12-49,28-79,15-49,12-49,10,1,3,0-0-0-0-0,45-89,24-59,7-39,3-13--1--1--1,1
209,ã‡çÑâ¸,8,75-89,67-89,72-94,0-0,28-79,12-69,10,3,4,3-3-3-3-0,35-69,0-0,15-49,8-12-10--1--1,1
210,î‰âbâ¸,8,75-89,67-89,72-94,0-0,28-79,12-69,10,3,4,3-3-3-3-0,35-69,0-0,15-49,8-12-10--1--1,1
211,êYñºâ¸,8,75-89,67-89,72-94,0-0,28-79,20-69,10,3,4,3-3-3-3-0,35-69,0-0,15-49,8-12-10--1--1,1
212,ñ∂ìáâ¸,8,75-89,67-89,72-94,0-0,28-79,12-69,10,3,4,3-3-3-3-0,35-69,0-0,15-49,8-12-10--1--1,1
213,ìVó¥â¸,3,40-54,28-59,20-59,24-79,12-49,12-59,10,2,3,0-0-0-0-0,42-79,24-69,10-49,4-10-15--1--1,1
214,ó¥ìcâ¸,3,40-54,28-59,20-59,24-79,12-49,12-59,10,2,3,0-0-0-0-0,42-79,24-69,10-49,4-10-15--1--1,1
215,ãÖñÅâ¸,3,42-59,29-69,20-69,24-89,15-69,12-59,10,2,3,1-1-1-0-0,40-79,24-79,10-49,4-15-25--1--1,1
216,ëΩñÄâ¸,3,42-59,29-59,20-59,24-79,15-59,12-59,10,2,3,1-1-1-0-0,40-79,24-79,10-49,4-15-25--1--1,1
217,ñÿë\â¸,3,42-59,29-59,20-59,24-79,15-59,12-59,10,2,3,1-1-1-0-0,40-79,24-79,10-49,4-15-25--1--1,1
218,í∑ó«â¸,3,43-59,29-69,20-69,24-89,15-69,12-59,10,2,3,1-1-1-0-0,40-79,24-79,10-49,4-15-25--1--1,1
219,å‹è\óÈâ¸,3,37-59,29-59,18-59,24-79,40-59,12-59,10,2,3,1-1-1-0-0,40-79,48-79,10-49,10-30-15--1--1,1
220,óRó«â¸,3,43-59,29-59,20-59,24-79,15-59,12-59,10,2,3,1-1-1-0-0,40-79,48-79,10-49,4-15-25--1--1,1
221,ñºéÊâ¸,3,43-59,29-59,20-69,24-89,15-59,12-59,10,2,3,1-1-1-0-0,40-79,24-79,10-49,4-15-25--1--1,1
222,êÏì‡â¸,3,44-59,29-69,20-59,24-79,15-69,12-59,10,2,3,1-1-1-0-0,40-79,24-79,10-49,4-15-25--1--1,1
223,ê_í â¸,3,44-59,29-59,20-59,24-79,15-59,12-59,10,2,3,1-1-1-0-0,40-79,24-79,10-49,4-15-25--1--1,1
224,ìﬂâœâ¸,3,44-59,29-59,20-59,24-79,15-59,12-59,10,2,3,1-1-1-0-0,40-79,32-79,10-49,4-15-25--1--1,1
225,ózâäâ¸,2,32-49,14-49,12-49,28-79,16-49,12-59,10,1,3,0-0-0-0-0,47-89,27-59,8-39,3-15--1--1--1,1
226,ïsímâŒâ¸,2,32-49,14-49,12-49,28-79,16-49,12-59,10,1,3,0-0-0-0-0,47-89,27-59,8-39,3-15--1--1--1,1
227,çïí™â¸,2,32-49,14-49,12-49,28-79,16-49,12-59,10,1,3,0-0-0-0-0,47-89,27-59,8-39,3-15--1--1--1,1
228,ê·ïóâ¸,2,32-49,14-59,12-59,28-89,16-59,60-99,10,1,3,0-0-0-0-0,67-99,27-59,8-39,3-15--1--1--1,1
229,ìáïóâ¸,2,36-59,14-59,14-59,48-99,16-59,12-59,10,1,3,0-0-0-0-0,55-99,27-59,9-39,3-15--1--1--1,1
230,ûOâ¸,2,30-49,13-49,12-49,28-79,15-49,12-59,10,1,3,0-0-0-0-0,45-89,24-59,7-39,3-13--1--1--1,1
231,èåâ¸,2,30-49,13-49,12-49,28-79,15-49,12-59,10,1,3,0-0-0-0-0,45-89,24-59,7-39,3-13--1--1--1,1
232,ó¯â¸,2,30-49,13-49,12-49,28-79,15-49,12-59,10,1,3,0-0-0-0-0,45-89,24-59,7-39,3-13--1--1--1,1
233,í™â¸,2,30-49,13-49,12-49,28-79,15-49,20-79,10,1,3,0-0-0-0-0,45-89,24-59,7-39,3-13--1--1--1,1
234,ã≈â¸,2,30-49,13-49,12-49,28-79,15-49,12-59,10,1,3,0-0-0-0-0,45-89,24-59,7-39,3-13--1--1--1,1
235,ãøâ¸,2,30-49,13-49,12-49,28-79,15-49,12-59,10,1,3,0-0-0-0-0,45-89,24-59,7-39,3-13--1--1--1,1
236,óãâ¸,2,30-49,13-49,12-49,28-79,15-49,12-59,10,1,3,0-0-0-0-0,45-89,24-59,7-39,3-13--1--1--1,1
237,ìdâ¸,2,30-49,13-49,12-49,28-79,15-49,12-59,10,1,3,0-0-0-0-0,45-89,24-59,7-39,3-13--1--1--1,1
238,èâètâ¸,2,30-48,13-49,12-49,28-79,15-49,12-59,10,1,3,0-0-0-0-0,45-89,24-59,7-39,3-14--1--1--1,1
239,éqì˙â¸,2,30-48,13-49,12-49,28-79,15-49,12-59,10,1,3,0-0-0-0-0,45-89,24-59,7-39,3-14--1--1--1,1
240,é·ótâ¸,2,30-48,13-49,12-49,28-79,15-49,12-59,10,1,3,0-0-0-0-0,45-89,24-59,7-39,3-14--1--1--1,1
241,èâëöâ¸,2,30-48,13-49,12-49,28-79,15-49,12-59,10,1,3,0-0-0-0-0,45-89,24-59,7-39,3-14--1--1--1,1
242,îíòIâ¸,2,30-48,14-49,12-49,28-79,15-49,12-59,10,1,3,0-0-0-0-0,45-89,24-59,7-39,3-15--1--1--1,1
243,éûâJâ¸,2,30-48,14-49,12-49,28-79,15-49,12-59,10,1,3,0-0-0-0-0,45-89,24-59,7-39,3-15--1--1--1,1
244,ë∫âJâ¸,2,30-48,14-49,12-49,28-79,15-49,12-59,10,1,3,0-0-0-0-0,45-89,24-59,7-39,3-15--1--1--1,1
245,ó[óßâ¸,2,30-48,14-49,12-49,28-79,15-49,12-59,10,1,3,0-0-0-0-0,45-89,24-59,7-39,3-15--1--1--1,1
246,å‹åéâJâ¸,2,30-48,14-49,12-49,28-79,15-49,12-59,10,1,3,0-0-0-0-0,45-89,24-59,7-39,3-15--1--1--1,1
247,ó¡ïóâ¸,2,30-48,14-49,12-49,28-79,15-49,12-59,10,1,3,0-0-0-0-0,45-89,24-59,7-39,3-15--1--1--1,1
248,í©í™â¸,2,31-49,14-49,12-49,28-79,16-49,12-59,10,1,3,0-0-0-0-0,46-89,24-59,8-39,3-15--1--1--1,1
249,ëÂí™â¸,2,31-49,14-49,12-49,28-79,16-49,12-59,10,1,3,0-0-0-0-0,46-89,24-59,8-39,3-15--1--1--1,1
250,ñûí™â¸,2,31-49,14-49,12-49,28-79,16-49,12-59,10,1,3,0-0-0-0-0,46-89,24-59,8-39,3-15--1--1--1,1
251,çrí™â¸,2,31-49,14-49,12-49,28-79,16-49,12-59,10,1,3,0-0-0-0-0,46-89,24-59,8-39,3-15--1--1--1,1
252,Ë≈â¸,2,31-49,14-49,12-49,28-79,16-49,12-59,10,1,3,0-0-0-0-0,46-89,24-59,8-39,3-15--1--1--1,1
253,â‡â¸,2,31-49,14-49,12-49,28-79,16-49,20-79,10,1,3,0-0-0-0-0,46-89,24-59,8-39,3-15--1--1--1,1
254,ñråéâ¸,2,24-39,11-39,9-39,18-69,12-39,12-59,10,1,3,0-0-0-0-0,40-89,18-59,6-39,2-13--1--1--1,1
255,î@åéâ¸,2,24-39,11-39,9-39,18-69,12-39,12-59,10,1,3,0-0-0-0-0,40-89,18-59,6-39,2-13--1--1--1,1
256,éHåéâ¸,2,24-39,11-39,9-39,18-69,12-39,12-59,10,1,3,0-0-0-0-0,40-89,18-59,6-39,2-13--1--1--1,1
257,ï∂åéâ¸,2,24-39,11-39,9-39,18-69,12-39,12-59,10,1,3,0-0-0-0-0,40-89,18-59,6-39,2-14--1--1--1,1
258,í∑åéâ¸,2,24-39,11-39,9-39,18-69,12-39,20-79,10,1,3,0-0-0-0-0,40-89,18-59,6-39,2-15--1--1--1,1
259,ãeåéâ¸,2,24-39,11-39,9-39,18-69,12-39,12-59,10,1,3,0-0-0-0-0,40-89,18-59,6-39,2-13--1--1--1,1
260,éOì˙åéâ¸,2,24-39,11-39,9-39,18-69,12-39,12-59,10,1,3,0-0-0-0-0,40-89,18-59,6-39,2-13--1--1--1,1
261,ñ]åéâ¸,2,24-39,11-39,9-39,18-69,12-39,12-59,10,1,3,0-0-0-0-0,40-89,18-59,6-39,2-13--1--1--1,1
262,å√ëÈâ¸,5,48-65,32-70,36-70,18-59,18-59,10-59,10,2,4,2-2-2-2-0,38-75,0-0,12-49,6-10-14--1--1,1
263,â¡å√â¸,5,48-65,32-70,36-70,18-59,18-59,10-59,10,2,4,2-2-2-2-0,38-75,0-0,12-49,6-10-14--1--1,1
264,ê¬ótâ¸,5,49-65,34-70,36-72,18-59,18-59,30-79,10,2,4,2-2-2-2-0,38-75,0-0,12-49,6-39-14--1--1,1
265,ñ≠çÇâ¸,5,55-69,42-73,48-76,24-79,18-69,10-59,10,2,4,2-2-2-2-0,39-79,0-0,14-49,6-15-25--1--1,1
266,ìﬂíqâ¸,5,55-69,42-73,48-76,24-69,18-69,10-59,10,2,4,2-2-2-2-0,39-79,0-0,14-49,6-10-15--1--1,1
267,ë´ïøâ¸,5,55-69,42-73,48-77,24-69,18-69,10-59,10,2,4,2-2-2-2-0,39-79,0-0,14-49,6-10-15--1--1,1
268,âHçïâ¸,5,55-69,42-73,48-77,24-69,18-69,10-59,10,2,4,2-2-2-2-0,39-79,0-0,14-49,6-10-15--1--1,1
269,çÇóYâ¸,5,57-69,45-75,48-77,24-79,20-69,10-59,10,2,4,2-2-2-2-0,40-79,0-0,14-49,6-15-25--1--1,1
270,à§ìÜâ¸,5,57-69,45-75,48-77,24-79,20-69,10-59,10,2,4,2-2-2-2-0,40-79,0-0,14-49,6-15-25--1--1,1
271,ñÄñÎâ¸,5,55-69,45-75,43-78,24-69,55-89,10-59,10,2,4,2-2-2-2-0,40-79,0-0,14-49,10-30-15--1--1,1
272,íπäCâ¸,5,57-69,45-75,48-78,24-69,20-69,10-59,10,2,4,2-2-2-2-0,40-79,0-0,14-49,6-10-15--1--1,1
273,óòç™â¸,5,56-69,46-77,42-76,24-79,24-79,10-59,10,2,4,4-4-4-4-0,41-79,0-0,24-79,6-15-25--1--1,1
274,í}ñÄâ¸,5,56-69,46-77,42-76,24-79,24-79,10-59,10,2,4,4-4-4-4-0,41-79,0-0,24-79,6-15-25--1--1,1
275,í∑ñÂâ¸,9,90-98,85-98,90-99,0-0,33-99,32-99,5,3,4,3-3-3-3-0,24-69,0-0,15-49,8-8-25--1--1,1
276,ó§âúâ¸,9,90-98,85-98,90-99,0-0,33-99,6-59,5,3,4,3-3-3-3-0,24-69,0-0,15-49,8-8-25--1--1,1
277,ê‘èÈâ¸,11,77-92,40-79,0-49,0-0,35-79,12-59,10,1,4,20-20-32-10-0,28-69,0-0,50-89,21-24-16--1--1,1
278,â¡âÍâ¸,11,79-92,40-79,0-49,0-0,30-79,12-59,10,1,4,20-20-46-12-0,27-69,0-0,50-89,21-24-16--1--1,1
279,ëìó¥â¸,11,65-89,35-69,0-39,0-0,30-79,12-59,10,1,4,18-27-18-10-0,33-69,0-0,46-89,21-24-16--1--1,1
280,îÚó¥â¸,11,65-89,35-69,0-39,0-0,30-79,40-89,10,1,4,18-27-18-10-0,37-79,0-0,46-89,21-24-16--1--1,1
281,ó¥Èàâ¸,7,45-69,25-59,0-29,0-0,20-39,12-59,10,1,4,9-24-5-5-0,27-59,0-0,35-79,21-24-16--1--1,1
282,èÀñPâ¸,7,45-69,25-59,0-29,0-0,18-39,12-59,10,1,4,18-12-12-6-0,28-59,0-0,35-79,21-24-16--1--1,1
283,îÚëÈâ¸,7,50-79,30-59,0-29,0-0,25-69,12-59,5,1,4,18-18-18-12-0,28-69,0-0,40-79,21-24-16--1--1,1
284,îπëÈâ¸,7,50-79,30-59,0-29,0-0,25-69,30-79,5,1,4,18-18-18-12-0,28-69,0-0,40-79,21-24-16--1--1,1
285,ñP„ƒâ¸,7,40-59,25-49,0-29,0-0,15-39,30-79,5,1,3,14-16-12-0-0,24-59,0-0,35-79,21-16--1--1--1,1
286,ï}åKâ¸,10,75-89,72-89,63-79,0-0,40-89,10-59,5,3,4,10-10-10-10-0,33-67,0-0,18-49,7-26-25--1--1,1
287,éRèÈâ¸,10,75-89,72-89,63-79,0-0,40-89,10-59,5,3,4,10-10-10-10-0,33-67,0-0,18-49,7-26-25--1--1,1
288,„ƒíﬂâ¸,11,75-90,42-72,0-39,0-0,40-79,12-89,10,1,4,24-24-24-12-0,38-79,0-0,48-89,21-24-51--1--1,1
289,ãSì{â¸,3,41-59,29-59,20-59,24-79,15-59,12-59,10,2,3,1-1-1-0-0,42-79,48-79,10-49,10-39-30--1--1,1
290,à¢ïêåGâ¸,3,42-59,29-59,20-59,24-79,15-59,12-59,10,2,3,1-1-1-0-0,44-79,48-79,10-49,10-40-30--1--1,1
291,êÁçŒçqâ¸,7,57-79,32-64,0-34,0-0,27-69,12-59,10,1,4,24-16-8-8-0,37-69,0-0,42-79,21-16-51--1--1,1
292,êÁë„ìcçqâ¸,7,57-79,32-64,0-34,0-0,27-69,12-59,10,1,4,24-16-8-8-0,37-69,0-0,42-79,21-16-51--1--1,1
293,ó[í£â¸,3,36-49,28-49,23-63,24-79,20-69,17-69,10,2,4,0-0-0-0-0,42-69,24-69,8-44,4-48-40--1--1,1
294,ïëïóâ¸,2,32-49,14-49,12-49,28-79,16-49,12-59,10,1,3,0-0-0-0-0,47-89,27-64,8-39,3-15--1--1--1,1
295,àﬂä}â¸,5,49-65,34-64,36-66,18-59,18-59,10-59,10,2,4,2-2-2-2-0,38-75,0-0,12-49,6-39-14--1--1,1
296,êÁçŒçqâ¸ìÒ,7,58-79,32-65,0-34,0-0,30-72,13-59,10,1,4,24-16-11-8-0,38-69,0-0,42-79,21-39-51--1--1,1
297,êÁë„ìcçqâ¸ìÒ,7,58-79,32-65,0-34,0-0,30-72,13-59,10,1,4,24-16-11-8-0,38-69,0-0,42-79,21-39-51--1--1,1
300,èâïóâ¸,2,32-49,14-49,12-49,28-79,16-49,12-59,10,1,3,0-0-0-0-0,47-89,27-64,8-39,3-15--1--1--1,1
301,èHâ_â¸,2,32-49,14-49,8-44,28-79,22-59,15-59,10,1,3,0-0-0-0-0,47-89,27-64,8-39,15-40--1--1--1,1
302,ó[â_â¸,2,32-49,14-49,12-50,28-80,16-50,12-59,10,1,3,0-0-0-0-0,48-90,29-67,9-42,15-28--1--1--1,1
303,ä™â_â¸,2,32-49,14-49,12-50,28-80,16-50,12-59,10,1,3,0-0-0-0-0,48-90,29-67,9-42,15-47--1--1--1,1
304,í∑îgâ¸,2,32-49,14-49,12-50,28-80,16-50,14-59,10,1,3,0-0-0-0-0,48-90,29-67,9-42,15-47--1--1--1,1
305,à¢âÍñÏâ¸,3,45-62,31-69,28-66,24-79,20-72,10-59,10,2,3,2-2-2-0-0,42-80,26-82,14-59,65-28--1--1--1,1
306,î\ë„â¸,3,45-62,31-69,28-66,24-79,20-72,10-64,10,2,3,2-2-2-0-0,42-80,26-82,14-59,65-28--1--1--1,1
307,ñÓîäâ¸,3,47-63,32-69,28-68,24-79,22-74,14-69,10,2,3,2-2-2-0-0,43-84,26-82,14-59,65-30--1--1--1,1
308,ñÌê∂â¸,2,24-39,11-39,9-39,18-69,12-39,12-59,10,1,3,0-0-0-0-0,40-89,18-59,6-39,48-13--1--1--1,1
309,âKåéâ¸,2,24-39,12-39,7-34,18-69,18-49,14-59,10,1,3,0-0-0-0-0,40-89,21-63,6-39,40-39-27--1--1,1
310,Z1â¸,2,33-59,15-45,11-45,25-70,15-45,12-49,10,1,3,0-0-0-0-0,41-79,36-69,8-42,78--1--1--1--1,1
311,Z3â¸,2,33-59,15-45,11-45,25-70,15-45,12-49,10,1,3,0-0-0-0-0,41-79,36-69,8-42,78--1--1--1--1,1
312,ïlïóâ¸,2,32-49,14-49,12-48,28-79,22-60,17-59,10,1,3,0-0-0-0-0,46-88,27-64,8-39,40-28--1--1--1,1
313,íJïóâ¸,2,32-49,14-49,12-48,28-79,16-49,16-59,10,1,3,0-0-0-0-0,46-88,28-68,8-39,44-46--1--1--1,1
314,éìıâ¸,3,46-62,31-69,27-64,23-78,19-73,30-74,10,2,3,2-2-2-0-0,41-80,30-84,14-59,-1--1--1--1--1,1
316,ìVí√ïóâ¸,2,34-54,14-61,12-49,32-84,23-63,17-69,10,1,3,0-0-0-0-0,50-94,28-59,9-39,15-47-87--1--1,1
317,âYïóâ¸,2,32-49,14-49,12-48,28-79,16-49,13-59,10,1,3,0-0-0-0-0,46-88,29-69,8-39,91-46--1--1--1,1
318,ó¥ñPâ¸,7,48-70,24-57,0-32,0-0,28-62,24-79,5,1,4,21-9-9-6-0,30-62,0-0,30-74,21-82-51--1--1,1
319,ñ≠çÇâ¸ìÒ,5,56-71,47-78,50-80,36-88,28-80,32-79,10,2,4,2-2-4-4-0,47-85,0-0,19-59,90-90-28--1--1,1
320,àÈïóâ¸,2,33-49,14-49,12-48,28-79,24-64,18-59,10,1,3,0-0-0-0-0,47-88,27-64,9-39,91-44-106--1--1,1
321,ëÂóÑâ¸,3,47-64,32-68,32-63,0-49,22-74,30-79,10,2,4,0-6-6-0-0,40-78,0-39,28-84,65-107-106--1--1,1
322,éûí√ïóâ¸,2,32-49,14-49,12-48,28-79,16-49,12-59,10,1,3,0-0-0-0-0,46-88,26-64,8-39,15-91--1--1--1,1
323,ètâJâ¸,2,30-49,14-49,12-49,28-79,15-49,12-59,10,1,3,0-0-0-0-0,45-89,24-59,7-39,63-75--1--1--1,1
324,ëÅëöâ¸,2,32-49,14-49,12-50,28-80,16-50,12-59,10,1,3,0-0-0-0-0,48-90,29-67,9-42,28-44-27--1--1,1
325,ê¥ëöâ¸,2,32-49,14-49,12-50,28-80,16-50,13-59,10,1,3,0-0-0-0-0,48-90,29-67,9-42,28-47-27--1--1,1
326,èâètâ¸ìÒ,2,31-52,14-51,13-52,32-88,23-73,16-59,10,1,3,0-0-0-0-0,48-90,30-69,10-45,-1--1--1--1--1,1
327,í©â_â¸,2,31-49,14-49,12-49,28-79,16-49,12-59,10,1,3,0-0-0-0-0,46-89,24-59,8-39,91-44--1--1--1,1
328,éRâ_â¸,2,31-49,14-48,12-49,28-79,16-49,11-58,10,1,3,0-0-0-0-0,47-89,28-64,8-39,91-44--1--1--1,1
329,ñÏï™â¸,2,32-49,14-49,12-48,28-79,16-49,13-59,10,1,3,0-0-0-0-0,46-88,28-68,8-39,91-46--1--1--1,1
330,èHåéâ¸,2,37-57,16-53,24-57,24-54,80-116,12-69,10,1,3,0-0-0-0-0,48-88,30-72,10-49,122-106-40--1--1,1
331,ìVèÈ,11,48-79,26-51,0-25,0-0,27-72,13-59,10,1,4,18-24-3-6-0,33-59,0-0,38-74,40-10--1--1--1,1
332,äãèÈ,11,48-79,27-52,0-25,0-0,27-72,20-69,10,1,4,18-24-3-6-0,34-59,0-0,36-70,39-40--1--1--1,1
334,U-511â¸,13,13-18,6-20,3-12,27-64,0-0,34-67,5,1,2,0-0-0-0-0,20-59,0-0,9-29,-1--1--1--1--1,1
343,çÅéÊâ¸,21,40-54,15-39,16-36,14-40,24-48,12-54,5,2,4,2-2-2-2-0,26-52,22-62,12-48,119-40-46-44--1,1
344,í©ëöâ¸,2,33-49,14-49,12-47,28-78,22-62,18-68,10,1,3,0-0-0-0-0,49-92,36-79,11-43,91-47-40--1--1,1
345,çÇîgâ¸,2,32-49,14-49,12-50,28-80,16-50,10-57,10,1,3,0-0-0-0-0,48-90,29-67,13-52,129-28-27--1--1,1
346,è∆åéâ¸,2,37-57,16-52,24-58,25-56,80-114,11-59,10,1,3,0-0-0-0-0,48-87,30-72,10-49,122-106-40--1--1,1
347,Libeccioâ¸,2,29-46,15-50,11-48,27-72,20-59,16-69,10,1,3,0-0-0-0-0,50-92,40-80,10-46,147-147--1--1--1,1
348,êêï‰â¸,16,42-62,24-48,18-45,15-72,18-44,10-54,5,1,3,12-12-8-0-0,24-42,0-0,38-94,59-41-39--1--1,1
349,ïóâ_â¸,2,32-49,14-49,12-50,29-81,17-51,14-69,10,1,3,0-0-0-0-0,48-90,30-69,9-42,129-28-27--1--1,1
350,äCïóâ¸,2,30-48,14-49,12-49,28-79,16-50,13-64,10,1,3,0-0-0-0-0,46-89,27-63,8-40,63-44--1--1--1,1
351,ç]ïóâ¸,2,30-48,14-49,12-49,29-80,15-49,12-59,10,1,3,0-0-0-0-0,46-89,24-59,8-40,63-28--1--1--1,1
352,ë¨ãzâ¸,22,48-50,6-19,8-36,0-0,20-48,8-44,5,1,3,6-3-1-0-0,15-33,18-36,28-59,18-146-40--1--1,1
353,Graf Zeppelinâ¸,11,78-92,42-80,15-50,0-0,44-80,7-47,10,2,4,30-13-10-3-0,29-69,0-0,46-74,159-64-160--1--1,1
354,óíâ¸,2,32-49,14-49,12-49,28-79,16-49,12-63,10,1,3,0-0-0-0-0,46-87,30-70,8-39,91-45--1--1--1,1
355,îãïóâ¸,2,32-49,14-49,13-50,28-79,16-49,12-63,10,1,3,0-0-0-0-0,46-87,28-68,8-39,91-15--1--1--1,1
356,é≠ìáâ¸,21,40-54,15-39,14-37,13-39,22-62,20-79,5,2,4,2-2-2-2-0,27-54,24-69,10-50,119-74-47-44--1,1
357,èâåéâ¸,2,37-57,17-54,25-60,24-54,80-110,8-52,10,1,3,0-0-0-0-0,49-89,30-72,10-49,122-106-40--1--1,1
358,Zaraâ¸,5,56-68,46-76,42-75,0-40,22-72,12-56,10,3,4,2-2-2-2-0,37-72,0-0,12-46,-1--1--1--1--1,1
359,â´îgâ¸,2,32-49,14-49,12-50,29-81,16-50,12-59,10,1,3,0-0-0-0-0,48-90,32-70,9-42,27-28-40--1--1,1
398,à…168â¸,13,15-19,5-18,3-11,30-69,0-0,10-49,5,1,2,0-0-0-0-0,16-49,0-0,10-29,-1--1--1--1--1,1
399,à…58â¸,14,18-24,5-19,3-12,36-84,0-0,50-79,5,1,2,1-1-0-0-0,15-49,0-0,15-39,-1--1--1--1--1,1
400,à…8â¸,14,19-25,5-19,4-14,36-84,0-0,25-69,5,1,2,1-1-0-0-0,15-49,0-0,16-39,-1--1--1--1--1,1
401,à…19â¸,14,18-24,5-19,3-12,42-89,0-0,13-59,5,1,2,1-1-0-0-0,13-49,0-0,15-39,-1--1--1--1--1,1
402,Ç‹ÇÈÇ‰â¸,13,7-13,2-11,1-5,0-19,0-0,7-77,5,1,1,0-0-0-0-0,9-29,0-0,1-19,-1--1--1--1--1,1
403,à…401â¸,14,24-39,7-24,6-19,40-80,0-0,20-59,5,1,2,3-3-0-0-0,12-44,0-0,15-45,62--1--1--1--1,1
404,â_ó¥,11,48-79,26-52,0-27,0-0,28-72,10-49,10,1,4,18-24-3-6-0,32-59,0-0,40-72,40-51--1--1--1,1
405,ètâJ,2,16-32,6-19,10-29,24-69,9-39,10-49,10,1,2,0-0-0-0-0,43-79,21-49,5-19,2-92--1--1--1,1
406,â_ó¥â¸,11,60-84,35-77,0-48,0-0,32-78,12-59,10,1,4,18-21-27-3-0,35-72,0-0,48-82,109-111-112-54--1,1
407,í™â¸ìÒ,2,33-53,15-55,10-50,25-80,24-74,32-80,10,1,3,0-0-0-0-0,64-94,32-72,11-48,40-39-44--1--1,1
408,îπëÈâ¸ìÒ,7,55-82,31-62,0-40,0-0,36-74,41-84,5,1,4,24-18-20-4-0,41-84,0-0,44-79,22-106-30-51--1,1
409,ëÅëö,2,16-34,6-19,10-30,24-69,9-39,11-49,10,1,2,0-0-0-0-0,47-80,27-52,6-19,2-39--1--1--1,1
410,ê¥ëö,2,16-34,6-19,10-30,24-69,9-39,12-49,10,1,2,0-0-0-0-0,47-80,27-52,6-19,2-39--1--1--1,1
411,ï}åKâ¸ìÒ,10,77-94,72-90,80-99,0-0,44-88,13-69,5,3,4,4-4-9-23-0,34-69,0-0,22-59,-1--1--1--1--1,1
412,éRèÈâ¸ìÒ,10,77-94,73-91,80-98,0-0,43-87,14-70,5,3,4,4-4-9-23-0,35-69,0-0,23-59,105-8-74-80--1,1
413,í©â_,2,16-33,6-19,10-29,24-69,9-39,8-49,10,1,2,0-0-0-0-0,43-79,21-49,5-19,2-14--1--1--1,1
414,éRâ_,2,16-33,6-19,10-29,24-69,9-39,7-49,10,1,2,0-0-0-0-0,43-79,23-50,5-19,2-14--1--1--1,1
415,ñÏï™,2,16-34,6-19,10-29,24-69,12-44,14-49,10,1,2,0-0-0-0-0,44-79,24-49,8-19,2-14--1--1--1,1
416,å√ëÈâ¸ìÒ,5,53-65,34-72,39-77,24-75,22-64,14-64,10,2,4,2-2-2-2-0,39-77,0-0,13-54,90-90-74--1--1,1
417,â¡å√â¸ìÒ,5,52-64,33-72,40-78,25-77,24-65,12-62,10,2,4,2-2-2-2-0,38-76,0-0,14-55,90-90-74-39--1,1
418,éHåéâ¸ìÒ,2,28-44,12-45,8-42,27-78,40-82,20-79,10,1,3,0-0-0-0-0,60-96,30-81,10-45,131-125-106--1--1,1
419,èâëöâ¸ìÒ,2,31-52,14-51,12-50,28-84,34-79,53-100,10,1,3,0-0-0-0-0,64-94,28-69,11-48,91-106-120--1--1,1
420,ëpâ_â¸ìÒ,2,31-49,14-50,14-55,32-89,27-74,15-57,10,1,3,0-0-0-0-0,50-90,28-69,10-42,91-91-125--1--1,1
421,èHåé,2,20-40,9-27,16-48,16-48,70-104,10-59,10,1,3,0-0-0-0-0,47-84,27-63,9-29,122-15-39--1--1,1
422,è∆åé,2,20-40,9-26,16-49,16-49,70-103,9-49,10,1,3,0-0-0-0-0,47-83,27-63,9-29,122-15-39--1--1,1
423,èâåé,2,20-40,9-28,18-50,15-47,70-101,7-47,10,1,3,0-0-0-0-0,48-85,26-62,8-28,122-15-40--1--1,1
424,çÇîg,2,16-34,6-19,10-30,24-69,9-39,8-44,10,1,2,0-0-0-0-0,47-80,27-52,9-24,2-39--1--1--1,1
425,í©ëö,2,16-34,6-19,10-29,24-68,9-44,16-59,10,1,2,0-0-0-0-0,47-80,35-64,6-19,2-46--1--1--1,1
426,êÅê·â¸ìÒ,2,31-49,14-50,15-59,30-88,35-78,17-77,10,1,3,0-0-0-0-0,49-92,26-68,14-54,125-121-106--1--1,1
427,íπäCâ¸ìÒ,5,57-72,46-78,55-85,35-86,24-70,19-68,10,2,4,3-3-3-3-0,41-80,0-0,22-62,90-129-74-88--1,1
428,ñÄñÎâ¸ìÒ,5,57-71,48-78,42-77,34-84,72-106,14-64,10,2,4,3-3-3-3-0,42-81,0-0,16-55,90-131-121-10--1,1
429,ìVèÈâ¸,11,60-84,35-76,0-45,0-0,33-79,17-69,10,1,4,18-21-27-3-0,36-73,0-0,46-80,109-111-112-51--1,1
430,äãèÈâ¸,11,60-84,36-78,0-45,0-0,32-78,30-79,10,1,4,18-21-27-3-0,37-75,0-0,44-78,109-113-39-51--1,1
431,U-511,13,8-16,4-16,2-8,22-58,0-0,30-63,5,1,1,0-0-0-0-0,18-44,0-0,8-28,126--1--1--1--1,1
432,Graf Zeppelin,11,70-89,29-57,10-40,0-0,40-70,4-39,10,2,3,20-13-10-0-0,29-49,0-0,40-69,158-160--1--1--1,1
434,ñråéâ¸ìÒ,2,27-43,12-43,10-45,28-79,16-56,14-64,10,1,3,0-0-0-0-0,51-90,28-69,9-43,91-125-34--1--1,1
435,î@åéâ¸ìÒ,2,27-43,12-43,10-46,28-80,18-57,13-60,10,1,3,0-0-0-0-0,50-91,27-69,10-44,91-125-34--1--1,1
436,òC500,13,13-19,7-21,4-13,30-69,0-0,44-77,5,1,2,0-0-0-0-0,24-68,0-0,12-34,127--1--1--1--1,1
437,ã≈â¸ìÒ,2,31-50,14-50,14-60,32-90,19-59,15-67,10,1,3,0-0-0-0-0,46-89,28-66,17-60,91-74-125--1--1,1
441,Littorio,8,88-94,72-86,78-97,0-0,40-72,20-69,10,4,4,3-3-3-3-0,28-54,0-0,15-44,133-134-136--1--1,1
442,Roma,8,88-94,71-85,79-98,0-0,44-74,6-39,10,4,4,3-3-3-3-0,27-52,0-0,17-46,133-134-136--1--1,1
443,Libeccio,2,15-30,7-18,9-27,22-58,11-41,12-59,10,1,2,0-0-0-0-0,48-82,30-60,7-20,147--1--1--1--1,1
445,èHí√èF,16,32-44,9-25,6-18,0-0,12-36,12-59,5,1,2,1-1-0-0-0,32-57,0-0,22-42,10-39--1--1--1,1
446,Italia,8,92-98,77-92,81-102,0-0,44-90,30-79,10,4,4,3-3-3-3-0,35-76,0-0,17-52,137-134-135--1--1,1
447,Romaâ¸,8,92-98,76-90,82-105,0-0,46-94,8-57,10,4,4,3-3-3-3-0,32-71,0-0,17-52,137-134-135--1--1,1
448,Zara,5,42-55,36-52,36-58,0-28,18-62,10-48,10,3,3,2-2-2-0-0,33-59,0-0,10-36,162--1--1--1--1,1
450,èHí√èFâ¸,16,36-48,13-42,8-28,0-0,16-44,14-72,5,1,3,1-1-1-0-0,35-64,0-0,24-54,138-40--1--1--1,1
451,êêï‰,16,41-59,19-42,12-36,0-32,16-32,8-39,5,1,2,12-12-0-0-0,19-37,0-0,36-74,10-59--1--1--1,1
452,â´îg,2,16-34,6-19,10-30,24-69,9-38,10-49,10,1,2,0-0-0-0-0,47-80,28-53,7-21,2-39--1--1--1,1
453,ïóâ_,2,16-34,6-19,10-30,25-70,10-40,13-54,10,1,2,0-0-0-0-0,47-80,27-52,6-19,2-39--1--1--1,1
454,óí,2,16-34,6-19,10-29,24-69,9-39,11-49,10,1,2,0-0-0-0-0,44-79,28-62,6-19,2-44--1--1--1,1
455,îãïó,2,16-34,6-19,11-30,24-69,9-39,11-49,10,1,2,0-0-0-0-0,44-79,26-59,6-19,2-39--1--1--1,1
458,äCïó,2,16-32,6-19,10-29,24-69,10-40,10-49,10,1,2,0-0-0-0-0,44-79,23-50,6-19,2--1--1--1--1,1
459,ç]ïó,2,16-32,6-19,10-29,25-70,9-39,10-49,10,1,2,0-0-0-0-0,44-79,21-49,6-19,2--1--1--1--1,1
460,ë¨ãz,22,43-50,3-15,4-22,0-0,10-32,7-39,5,1,2,6-1-0-0-0,9-28,5-20,15-40,26-146--1--1--1,1
461,„ƒíﬂâ¸ìÒ,11,77-93,43-77,0-63,0-0,48-88,20-97,10,2,4,27-27-27-12-0,39-84,0-0,53-93,-1--1--1--1--1,1
462,êêíﬂâ¸ìÒ,11,78-93,44-78,0-56,0-0,54-90,50-99,10,2,4,28-26-26-13-0,48-89,0-0,52-92,-1--1--1--1--1,1
464,â‡â¸ìÒ,2,31-53,14-50,16-63,33-92,24-72,37-97,10,1,3,0-0-0-0-0,52-90,28-68,14-54,-1--1--1--1--1,1
465,é≠ìá,21,36-48,9-27,13-27,11-24,15-46,20-69,5,2,3,1-1-1-0-0,25-51,13-43,9-36,119-10-44--1--1,1
466,„ƒíﬂâ¸ìÒçb,18,78-94,49-83,0-70,0-0,48-88,20-97,10,2,4,34-21-12-9-0,36-81,0-0,50-90,-1--1--1--1--1,1
467,êêíﬂâ¸ìÒçb,18,79-94,49-84,0-65,0-0,54-90,50-99,10,2,4,34-24-12-6-0,44-85,0-0,50-90,-1--1--1--1--1,1
470,â‡â¸ìÒâ≥,2,31-53,15-52,12-59,30-83,32-80,37-97,10,1,3,0-0-0-0-0,56-92,28-68,15-55,-1--1--1--1--1,1
501,ãÏíÄÉCãâ,2,20-20,5-5,5-5,15-15,6-6,1-1,10,1,2,0-0-0-0-0,14-14,25-25,3-3,501--1--1--1--1,0
502,ãÏíÄÉçãâ,2,22-22,6-6,7-7,16-16,7-7,1-1,10,1,2,0-0-0-0-0,15-15,25-25,3-3,502--1--1--1--1,0
503,ãÏíÄÉnãâ,2,24-24,7-7,6-6,16-16,6-6,1-1,10,1,2,0-0-0-0-0,16-16,30-30,4-4,502-513--1--1--1,0
504,ãÏíÄÉjãâ,2,28-28,9-9,8-8,24-24,8-8,5-5,10,1,2,0-0-0-0-0,18-18,35-35,4-4,502-513--1--1--1,0
505,åyèÑÉzãâ,3,33-33,15-15,14-14,24-24,10-10,1-1,10,2,2,1-1-0-0-0,15-15,30-30,6-6,504-525--1--1--1,0
506,åyèÑÉwãâ,3,36-36,18-18,16-16,28-28,12-12,1-1,10,2,2,1-1-0-0-0,15-15,40-40,6-6,506-525--1--1--1,0
507,åyèÑÉgãâ,3,39-39,20-20,24-24,28-28,12-12,5-5,10,2,3,2-2-2-0-0,15-15,50-50,6-6,506-513-525--1--1,0
508,óãèÑÉ`ãâ,4,48-48,22-22,18-18,48-48,10-10,5-5,10,2,3,2-2-2-0-0,18-18,30-30,4-4,504-513-513--1--1,0
509,èdèÑÉäãâ,5,58-58,28-28,32-32,32-32,16-16,1-1,10,2,3,3-3-3-0-0,12-12,0-0,10-10,505-513-525--1--1,0
510,åyïÍÉkãâ,7,65-65,25-25,0-0,0-0,15-15,1-1,5,1,3,18-18-18-0-0,3-3,0-0,30-30,519-523-516--1--1,0
511,êÌäÕÉããâ,9,90-90,70-70,65-65,0-0,70-70,5-5,5,3,3,3-3-3-0-0,3-3,0-0,20-20,509-512-525--1--1,0
512,ãÛïÍÉíãâ,11,85-85,40-40,0-0,0-0,30-30,1-1,10,1,3,27-27-27-0-0,3-3,0-0,40-40,519-523-516--1--1,0
513,óAëóÉèãâ,15,70-70,10-10,0-0,0-0,0-0,1-1,5,1,0,0-0-0-0-0,1-1,0-0,0-0,-1--1--1--1--1,0
514,ãÏíÄÉCãâelite,2,30-30,12-12,15-15,32-32,10-10,10-10,10,1,2,0-0-0-0-0,30-30,35-35,6-6,501-514--1--1--1,0
515,ãÏíÄÉçãâelite,2,35-35,14-14,20-20,32-32,12-12,10-10,10,1,2,0-0-0-0-0,30-30,35-35,6-6,502-514--1--1--1,0
516,ãÏíÄÉnãâelite,2,40-40,16-16,15-15,32-32,14-14,10-10,10,1,2,0-0-0-0-0,35-35,40-40,7-7,502-515--1--1--1,0
517,ãÏíÄÉjãâelite,2,45-45,18-18,20-20,40-40,18-18,10-10,10,1,2,0-0-0-0-0,40-40,45-45,7-7,502-515--1--1--1,0
518,åyèÑÉzãâelite,3,48-48,30-30,30-30,40-40,20-20,10-10,10,2,2,1-1-0-0-0,24-24,40-40,6-6,504-525--1--1--1,0
519,åyèÑÉwãâelite,3,52-52,32-32,34-34,48-48,23-23,10-10,10,2,2,1-1-0-0-0,26-26,45-45,6-6,506-525--1--1--1,0
520,åyèÑÉgãâelite,3,55-55,36-36,36-36,48-48,24-24,10-10,10,2,3,2-2-2-0-0,28-28,50-50,6-6,506-513-525--1--1,0
521,óãèÑÉ`ãâelite,4,50-50,34-34,35-35,72-72,20-20,10-10,10,2,3,2-2-2-0-0,30-30,40-40,10-10,506-514-514--1--1,0
522,èdèÑÉäãâelite,5,60-60,60-60,58-58,42-42,30-30,10-10,10,2,4,3-3-3-3-0,20-20,0-0,15-15,505-506-525-525--1,0
523,åyïÍÉkãâelite,7,70-70,35-35,0-0,0-0,15-15,10-10,5,1,3,24-24-24-0-0,10-10,0-0,30-30,520-523-516--1--1,0
524,êÌäÕÉããâelite,9,90-90,85-85,85-85,0-0,70-70,10-10,5,3,4,3-3-3-3-0,16-16,0-0,20-20,509-509-512-528--1,0
525,ãÛïÍÉíãâelite,11,88-88,55-55,0-0,0-0,40-40,10-10,10,1,3,30-30-30-0-0,12-12,0-0,50-50,520-517-524--1--1,0
526,óAëóÉèãâelite,15,80-80,35-35,15-15,0-0,0-0,10-10,5,1,3,0-0-0-0-0,6-6,0-0,0-0,501-503-503--1--1,0
527,èdèÑÉäãâflagship,5,76-76,70-70,68-68,48-48,40-40,20-20,10,2,4,4-4-4-4-0,50-50,0-0,20-20,505-506-515-525--1,0
528,ãÛïÍÉíãâflagship,11,96-96,80-80,25-25,0-0,50-50,20-20,10,1,3,32-32-32-0-0,45-45,0-0,50-50,520-517-524--1--1,0
529,êÌäÕÉããâflagship,9,98-98,99-99,90-90,0-0,80-80,20-20,5,3,4,5-5-5-5-0,40-40,0-0,30-30,509-509-525-528--1,0
530,êˆêÖÉJãâ,13,19-19,7-7,0-0,42-42,0-0,1-1,5,1,2,0-0-0-0-0,1-1,0-0,6-6,513-513--1--1--1,0
531,êˆêÖÉàãâ,13,24-24,9-9,0-0,52-52,0-0,5-5,5,1,2,0-0-0-0-0,1-1,0-0,7-7,514-514--1--1--1,0
532,êˆêÖÉJãâelite,13,27-27,21-21,0-0,64-64,0-0,10-10,5,1,3,0-0-0-0-0,5-5,0-0,8-8,515-513-513--1--1,0
533,êˆêÖÉàãâelite,13,34-34,27-27,0-0,74-74,0-0,10-10,5,1,3,0-0-0-0-0,5-5,0-0,9-9,515-514-514--1--1,0
534,êˆêÖÉJãâflagship,13,37-37,30-30,0-0,86-86,0-0,20-20,5,1,3,0-0-0-0-0,10-10,0-0,10-10,515-515-513--1--1,0
535,êˆêÖÉàãâflagship,13,44-44,36-36,0-0,96-96,0-0,20-20,5,1,3,0-0-0-0-0,10-10,0-0,10-10,515-515-514--1--1,0
536,ïÇóVóvç«,5,88-88,40-40,50-50,40-40,20-20,1-1,10,2,3,30-30-30-0-0,5-5,0-0,10-10,505-520-517--1--1,0
537,ïÇóVóvç«,5,88-88,40-40,50-50,40-40,20-20,1-1,10,2,3,30-30-30-0-0,5-5,0-0,10-10,505-520-517--1--1,0
538,ïÇóVóvç«,5,88-88,40-40,50-50,40-40,20-20,1-1,10,2,3,30-30-30-0-0,5-5,0-0,10-10,505-520-517--1--1,0
539,îëínê±ãS,5,180-180,80-80,90-90,60-60,70-70,30-30,5,2,3,60-60-60-0-0,10-10,0-0,70-70,536-520-524--1--1,0
540,îëínê±ïP,5,300-300,90-90,96-96,90-90,80-80,40-40,5,2,3,60-60-60-0-0,20-20,0-0,80-80,536-520-524--1--1,0
541,êÌäÕÉ^ãâ,8,84-84,80-80,60-60,0-0,60-60,10-10,10,3,4,4-4-4-4-0,20-20,0-0,25-25,508-508-512-525--1,0
542,êÌäÕÉ^ãâelite,8,88-88,88-88,75-75,0-0,65-65,20-20,10,3,4,4-4-4-4-0,40-40,0-0,30-30,509-508-512-528--1,0
543,êÌäÕÉ^ãâflagship,8,90-90,96-96,85-85,0-0,70-70,30-30,10,3,4,4-4-4-4-0,55-55,0-0,35-35,509-509-525-529--1,0
544,ëïçbãÛïÍãS,10,150-150,80-80,70-70,80-80,60-60,10-10,10,3,3,80-80-0-0-0,10-10,0-0,70-70,520-524-508--1--1,0
545,ëïçbãÛïÍïP,10,270-270,90-90,90-90,90-90,70-70,20-20,10,3,3,96-96-0-0-0,20-20,0-0,80-80,520-517-508--1--1,0
546,ìÏï˚ê±ãS,5,180-180,90-90,90-90,80-80,70-70,30-30,5,2,3,0-0-50-0-0,20-20,0-0,70-70,509-505-520--1--1,0
547,ìÏï˚ê±êÌãS,6,240-240,10-10,120-120,90-90,80-80,40-40,5,2,3,0-70-70-0-0,25-25,0-0,80-80,509-520-524--1--1,0
548,ìÏï˚ê±êÌïP,5,350-350,120-120,160-160,100-100,80-80,50-50,5,2,3,0-0-90-0-0,30-30,0-0,90-90,509-509-520--1--1,0
549,åÏâqóvç«(A),5,66-66,50-50,55-55,45-45,20-20,1-1,10,2,3,0-35-35-0-0,5-5,0-0,10-10,505-520-524--1--1,0
550,åÏâqóvç«(B),5,66-66,50-50,55-55,45-45,20-20,1-1,10,2,3,0-35-35-0-0,5-5,0-0,10-10,505-520-517--1--1,0
551,åÏâqóvç«(C),5,66-66,50-50,55-55,45-45,20-20,1-1,10,2,3,0-35-35-0-0,5-5,0-0,10-10,505-520-517--1--1,0
552,ãÏíÄÉçãâflagship,2,43-43,24-24,33-33,60-60,24-24,20-20,10,1,3,0-0-0-0-0,52-52,55-55,10-10,502-515-542--1--1,0
553,ãÏíÄÉnãâflagship,2,47-47,27-27,30-30,60-60,24-24,20-20,10,1,3,0-0-0-0-0,54-54,60-60,12-12,502-515-542--1--1,0
554,åyèÑÉzãâflagship,3,53-53,36-36,42-42,72-72,27-27,20-20,10,2,3,2-2-2-2-0,44-44,70-70,20-20,504-542-543--1--1,0
555,åyèÑÉwãâflagship,3,57-57,39-39,48-48,80-80,30-30,20-20,10,2,4,2-2-2-2-0,46-46,80-80,24-24,506-525-542-543--1,0
556,îÚçsèÍïP,12,500-500,140-140,70-70,0-0,120-120,10-10,0,2,4,98-98-98-98-0,1-1,0-0,90-90,520-520-524-517--1,0
557,êÌäÕê±ïP,9,400-400,160-160,180-180,0-0,80-80,40-40,5,3,4,0-0-0-0-0,30-30,0-0,70-70,509-509-512-529--1,0
558,óAëóÉèãâflagship,15,130-130,65-65,55-55,0-0,40-40,20-20,5,1,3,0-0-0-0-0,10-10,0-0,10-10,506-504-504--1--1,0
559,óãèÑÉ`ãâflagship,4,70-70,60-60,50-50,120-120,30-30,30-30,10,2,3,1-1-1-0-0,55-55,50-50,15-15,506-515-515--1--1,0
560,åyïÍÉkãâflagship,7,84-84,70-70,18-18,0-0,36-36,30-30,5,1,4,22-22-22-22-0,40-40,0-0,40-40,520-524-524-517--1,0
561,êÌäÕÉåãâ,10,180-180,110-110,90-90,100-100,80-80,60-60,10,3,4,0-0-0-140-0,45-45,90-90,50-50,509-512-515-546--1,0
562,êÌäÕÉåãâelite,10,270-270,130-130,130-130,120-120,100-100,70-70,10,3,4,0-0-0-180-0,50-50,100-100,70-70,509-512-541-546--1,0
564,ãÏíÄÉCãâflagship,2,39-39,24-24,32-32,60-60,24-24,30-30,10,1,3,0-0-0-0-0,60-60,82-82,10-10,531-545-542--1--1,0
565,ãÛïÍÉíãââ¸flagship,11,160-160,120-120,40-40,0-0,90-90,30-30,10,1,4,36-36-36-36-0,50-50,0-0,60-60,521-524-518-518--1,0
566,èdèÑÉäãââ¸flagship,5,88-88,80-80,88-88,80-80,58-58,40-40,10,2,4,4-4-4-4-0,57-57,0-0,30-30,505-505-515-526--1,0
567,êÌäÕÉããââ¸flagship,9,130-130,110-110,110-110,0-0,88-88,50-50,5,3,4,5-5-5-5-0,43-43,0-0,36-36,509-509-529-526--1,0
570,êˆêÖÉ\ãâ,13,33-33,15-15,24-24,70-70,0-0,15-15,5,1,2,0-0-0-0-0,5-5,0-0,10-10,515-503--1--1--1,0
571,êˆêÖÉ\ãâelite,13,45-45,30-30,30-30,100-100,0-0,30-30,5,1,3,0-0-0-0-0,10-10,0-0,15-15,515-515-503--1--1,0
572,êˆêÖÉ\ãâflagship,13,48-48,42-42,30-30,135-135,0-0,45-45,5,1,3,0-0-0-0-0,15-15,0-0,18-18,515-515-515--1--1,0
573,ç`òpê±ïP,12,380-380,135-135,100-100,0-0,150-150,20-20,0,2,4,80-80-80-80-0,1-1,0-0,100-100,521-524-517-517--1,0
574,ó£ìáê±ãS,12,450-450,150-150,150-150,0-0,100-100,50-50,0,2,4,90-90-90-90-0,10-10,0-0,80-80,521-524-518-518--1,0
575,ãÏíÄÉCãâå„ä˙å^,2,35-35,22-22,38-38,60-60,30-30,30-30,10,1,3,0-0-0-0-0,48-48,72-72,20-20,502-545-542--1--1,0
576,ãÏíÄÉçãâå„ä˙å^,2,37-37,26-26,38-38,66-66,32-32,36-36,10,1,3,0-0-0-0-0,52-52,80-80,20-20,502-545-542--1--1,0
577,ãÏíÄÉnãâå„ä˙å^,2,38-38,29-29,44-44,72-72,36-36,42-42,10,1,3,0-0-0-0-0,56-56,80-80,24-24,502-515-542--1--1,0
578,ãÏíÄÉjãâå„ä˙å^,2,40-40,33-33,48-48,84-84,38-38,48-48,10,1,3,0-0-0-0-0,66-66,88-88,28-28,502-515-542--1--1,0
579,ãÛïÍÉíãâflagship,11,96-96,80-80,25-25,0-0,50-50,30-30,10,1,3,32-32-27-5-0,45-45,0-0,50-50,547-548-549-549--1,0
581,ñkï˚ê±ïP(14âƒçÌÇË),12,360-360,135-135,90-90,0-0,130-130,40-40,0,2,4,0-72-64-36-0,10-10,0-0,80-80,504-521-548-517--1,0
582,ñkï˚ê±ïP(14âƒç≈èI),12,500-500,145-145,170-170,0-0,160-160,50-50,0,2,4,0-72-80-40-0,20-20,0-0,100-100,504-547-548-549--1,0
583,íÜä‘ê±ïP,12,550-550,135-135,100-100,0-0,140-140,50-50,0,3,5,0-64-58-58-0,15-15,0-0,100-100,505-547-548-549--1,0
584,íÜä‘ê±ïP,12,600-600,180-180,180-180,0-0,180-180,60-60,0,3,5,0-84-96-0-0,30-30,0-0,130-130,505-547-548-532--1,0
585,ãÛïÍê±ãS,11,250-250,138-138,120-120,0-0,100-100,50-50,10,1,4,48-48-48-0-0,46-46,0-0,100-100,547-548-549-532--1,0
586,ãÛïÍê±ïP,11,350-350,150-150,180-180,0-0,130-130,70-70,10,1,4,60-52-56-0-0,53-53,0-0,130-130,547-548-549-532--1,0
587,ñkï˚ê±ïP(3-5çÌÇË),12,300-300,125-125,80-80,0-0,120-120,40-40,0,2,4,0-72-64-36-0,15-15,0-0,80-80,504-521-548-517--1,0
588,ñkï˚ê±ïP(3-5ç≈èI),12,390-390,140-140,140-140,0-0,140-140,50-50,0,2,4,0-72-72-40-0,25-25,0-0,100-100,504-547-548-549--1,0
589,ñkï˚ê±ïP(3-5çÌÇËé„),12,300-300,110-110,60-60,0-0,100-100,35-35,0-64-48-36-0,0,2,4,5-5,0-0,80-80,504-521-548-517--1,0
590,ñkï˚ê±ïP(3-5ç≈èIé„),12,390-390,125-125,140-140,0-0,120-120,40-40,0-64-68-40-0,0,2,4,15-15,0-0,100-100,504-547-548-549--1,0
591,åyèÑÉcãâ,3,48-48,55-55,58-58,84-84,88-88,55-55,10,2,4,0-0-3-3-0,69-69,96-96,48-48,550-550-545-525--1,0
592,åyèÑÉcãâelite,3,66-66,68-68,64-64,92-92,96-96,66-66,10,2,4,0-0-3-3-0,74-74,98-98,58-58,550-550-545-525--1,0
594,èdèÑÉlãâ,5,80-80,82-82,73-73,66-66,72-72,60-60,10,2,4,0-0-0-4-0,null,0-0,null,505-505-515-525--1,0 checked
595,èdèÑÉlãâelite,5,88-88,89-89,79-79,74-74,79-79,70-70,10,2,4,0-0-0-4-0,null,0-0,null,505-505-515-525--1,0 checked
597,ãÏíÄê±ïP(çÌÇË),2,150-150,100-100,59-59,90-90,60-60,70-70,10,1,3,0-0-0-0-0,null,null,null,502-502-515--1--1,0 checked
598,ãÏíÄê±ïP(ç≈èI),2,190-190,115-115,69-69,90-90,60-60,80-80,10,1,3,0-0-0-0-0,null,null,null,502-502-515--1--1,0 checked
599,ãÛïÍêÖãS,11,370-370,170-170,140-140,0-0,110-110,70-70,10,1,4,66-60-60-0-0,null,0-0,null,547-548-549-532--1,0 checked
600,ãÛïÍêÖãS,11,390-390,190-190,190-190,0-0,140-140,70-70,10,1,4,66-60-60-0-0,null,0-0,null,547-548-549-532--1,0 checked
601,åyèÑê±ãS(çÌÇË),3,210-210,135-135,59-59,88-88,60-60,70-70,10,2,4,0-0-0-3-0,null,null,null,506-506-529-525--1,0 checked
602,åyèÑê±ãS(ç≈èI),3,270-270,170-170,69-69,98-98,60-60,90-90,10,2,4,0-0-0-3-0,null,null,null,506-506-529-525--1,0 checked
603,êÌäÕêÖãS,9,415-415,168-168,188-188,0-0,88-88,60-60,5,3,4,0-0-0-6-0,null,0-0,null,551-551-529-525--1,0 checked
604,êÌäÕêÖãS,9,500-500,200-200,198-198,0-0,96-96,90-90,5,3,4,0-0-0-6-0,null,0-0,null,551-551-529-525--1,0 checked
605,ç`òpêÖãS,12,450-450,120-120,120-120,0-0,100-100,60-60,0,3,4,0-0-90-90-0,null,null,null,551-551-547-548--1,0 checked
606,ç`òpêÖãS,12,450-450,140-140,130-130,0-0,120-120,65-65,0,3,4,0-0-108-108-0,null,null,null,551-551-547-548--1,0 checked
607,ç`òpêÖãS,12,500-500,140-140,140-140,0-0,140-140,70-70,0,3,4,0-0-108-108-0,null,null,null,551-551-547-548--1,0 checked
608,ç`òpêÖãS,12,500-500,160-160,160-160,0-0,160-160,75-75,0,3,4,0-0-130-130-0,null,null,null,551-551-547-548--1,0 checked
609,îëínêÖãS,12,330-330,200-200,120-120,0-0,80-80,70-70,0,3,4,0-0-0-120-0,null,null,null,536-508-508-548--1,0 checked
610,îëínêÖãS,12,330-330,220-220,130-130,0-0,90-90,75-75,0,3,4,0-0-0-140-0,null,null,null,536-508-508-548--1,0 checked
611,îëínêÖãS,12,430-430,220-220,140-140,0-0,100-100,80-80,0,3,4,0-0-0-160-0,null,null,null,536-551-551-548--1,0 checked
612,îëínêÖãS,12,430-430,240-240,150-150,0-0,110-110,85-85,0,3,4,0-0-0-180-0,null,null,null,536-551-551-548--1,0 checked
613,ç`òpê±ïP,12,490-490,177-177,180-180,0-0,170-170,65-65,0,3,4,0-0-0-180-0,null,0-0,100,552-552-536-549--1,0 checked
614,ãÛïÍÉíãâflagship,11,96-96,80-80,25-25,0-0,50-50,30-30,10,1,3,32-32-27-5-0,45-45,0-0,50-50,556-548-558-549--1,0
615,ãÛïÍÉíãâflagship,11,96-96,80-80,25-25,0-0,50-50,30-30,10,1,3,32-32-27-5-0,45-45,0-0,50-50,556-557-558-558--1,0
616,ãÛïÍÉíãââ¸flagship,11,160-160,120-120,40-40,0-0,90-90,30-30,10,1,3,36-36-36-36-0,50-50,0-0,60-60,547-548-549-549--1,0
617,ãÛïÍÉíãââ¸flagship,11,160-160,120-120,40-40,0-0,90-90,30-30,10,1,3,36-36-36-36-0,50-50,0-0,60-60,556-548-558-549--1,0
618,ãÛïÍÉíãââ¸flagship,11,160-160,120-120,40-40,0-0,90-90,30-30,10,1,3,36-36-36-36-0,50-50,0-0,60-60,556-557-558-558--1,0
619,ãÛïÍê±ãS(ã≠),11,250-250,138-138,120-120,0-0,100-100,50-50,10,1,4,48-48-48-0-0,null,0-0,null,556-557-558-532--1,0 checked
620,ãÛïÍê±ïP(ã≠),11,350-350,150-150,180-180,0-0,130-130,70-70,10,1,4,60-52-56-0-0,null,0-0,null,556-557-558-532--1,0 checked
621,ãÏíÄÉCãâå„ä˙å^elite,2,39-39,30-30,48-48,76-76,40-40,null,10,1,0-0-0-0-0,3,null,null,null,502-502-559--1--1,0 checked
622,ãÏíÄÉçãâå„ä˙å^elite,2,43-43,36-36,58-58,88-88,44-44,null,10,1,0-0-0-0-0,3,null,null,null,502-502-559--1--1,0 checked
623,ãÏíÄÉnãâå„ä˙å^elite,2,46-46,36-36,58-58,76-76,48-48,null,10,1,0-0-0-0-0,3,null,null,null,502-559-544--1--1,0 checked
624,ãÏíÄÉjãâå„ä˙å^elite,2,49-49,48-48,64-64,98-98,48-48,null,10,1,0-0-0-0-0,3,null,null,null,502-502-559--1--1,0 checked
625,êÖïÍê±ïP,16,350-350,150-150,75-75,88-88,70-70,null,5,1,4,0-0-0-32-0,null,null,null,550-550-541-554--1,0 checked
626,êÖïÍê±ïP,16,350-350,175-175,95-95,98-98,80-80,null,5,1,4,0-0-0-64-0,null,null,null,550-550-541-555--1,0 checked
627,êÖïÍê±ïP,16,350-350,195-195,115-115,98-98,90-90,null,5,1,4,0-0-0-96-0,null,null,null,550-550-541-555--1,0 checked
628,ñhãÛê±ïP,2,255-255,273-273,130-130,85-85,300-300,null,10,1,3,0-0-0-0-0,null,null,null,553-553-559--1--1,0 checked
629,ñhãÛê±ïP,2,255-255,303-303,160-160,90-90,360-360,null,10,1,3,0-0-0-0-0,null,null,null,553-553-559--1--1,0 checked
630,ñhãÛê±ïP,2,255-255,333-333,190-190,95-95,390-390,null,10,1,3,0-0-0-0-0,null,null,null,553-553-531--1--1,0 checked
631,îÚçsèÍïP,12,500-500,160-160,85-85,0-0,120-120,null,0,1,4,98-98-98-98-0,null,0-0,null,556-548-558-549--1,0 checked
632,îÚçsèÍïP,12,500-500,175-175,90-90,0-0,130-130,null,0,1,4,98-98-98-98-0,null,0-0,null,556-557-558-549--1,0 checked
633,îÚçsèÍïP,12,500-500,190-190,95-95,0-0,140-140,null,0,1,4,98-98-98-98-0,null,0-0,null,556-557-558-558--1,0 checked
634,ó£ìáê±ãS,12,450-450,155-155,150-150,0-0,100-100,null,0,1,4,90-90-90-90-0,null,0-0,null,556-557-548-549--1,0 checked
635,ó£ìáê±ãS,12,450-450,170-170,165-165,0-0,110-110,null,0,1,4,90-90-90-90-0,null,0-0,null,556-548-558-549--1,0 checked
636,ó£ìáê±ãS,12,450-450,185-185,180-180,0-0,120-120,null,0,1,4,90-90-90-90-0,null,0-0,null,556-557-558-558--1,0 checked
637,PTè¨ãSåQ,1,9-9,19-19,9-9,88-88,12-12,null,10,1,2,0-0-0-0-0,null,null,null,515--1--1--1--1,0 checked
638,PTè¨ãSåQ,1,9-9,29-29,9-9,98-98,18-18,null,10,1,2,0-0-0-0-0,null,null,null,515-515--1--1--1,0 checked
639,PTè¨ãSåQ,1,15-15,29-29,15-15,98-98,18-18,null,10,1,2,0-0-0-0-0,null,null,null,515-515--1--1--1,0 checked
640,PTè¨ãSåQ,1,18-18,39-39,18-18,118-118,24-24,null,10,1,2,0-0-0-0-0,null,null,null,515-515--1--1--1,0 checked
641,åyèÑê±ïP,3,230-230,145-145,64-64,93-93,50-50,null,10,2,4,0-0-0-0-0,null,null,null,511-511-515-560--1,0 checked
642,åyèÑê±ïP,3,290-290,175-175,74-74,96-96,55-55,null,10,2,4,0-0-0-0-0,null,null,null,511-511-515-560--1,0 checked
643,åyèÑê±ïP,3,330-330,185-185,79-79,99-99,55-55,null,10,2,4,0-0-0-0-0,null,null,null,511-511-515-560--1,0 checked
644,êˆêÖê±ïP,13,110-110,53-53,50-50,140-140,0-0,null,5,1,3,0-0-0-0-0,null,null,null,515-515-515--1--1,0 checked
645,êˆêÖê±ïP,13,130-130,73-73,70-70,155-155,0-0,null,5,1,3,0-0-0-0-0,null,null,null,541-515-515--1--1,0 checked
646,êˆêÖê±ïP,13,160-160,93-93,90-90,170-170,0-0,null,5,1,3,0-0-0-0-0,null,null,null,541-541-515--1--1,0 checked
647,ãÏíÄêÖãS,2,255-255,150-150,100-100,110-110,70-70,null,10,1,4,0-0-0-0-0,null,null,null,502-502-515-531--1,0 checked
648,ãÏíÄêÖãS,2,255-255,170-170,120-120,120-120,80-80,null,10,1,4,0-0-0-0-0,null,null,null,502-502-515-531--1,0 checked
649,ãÏíÄêÖãS,2,255-255,180-180,140-140,130-130,90-90,null,10,1,4,0-0-0-0-0,null,null,null,502-502-541-531--1,0 checked
650,îÚçsèÍïP,12,500-500,120-140,50-50,0-0,120,null,0,1,4,12-12-6-6-0,null,0-0,null,561-561-561-561--1,0 checked
651,îÚçsèÍïP,12,500-500,120-140,60-60,0-0,120,null,0,1,4,24-12-6-6-0,null,0-0,null,562-561-561-561--1,0 checked
652,îÚçsèÍïP,12,500-500,120-140,70-70,0-0,120,null,0,1,4,24-24-12-12-0,null,0-0,null,562-562-561-561--1,0 checked
653,èWêœínê±ïP,12,600-600,100-100,70-70,88-88,60-60,null,0,3,4,12-12-6-6-0,null,0-0,null,561-561-561-561--1,0 checked
654,èWêœínê±ïP,12,600-600,130-130,90-90,98-98,70-70,null,0,3,4,24-12-6-6-0,null,0-0,null,562-561-561-561--1,0 checked
655,èWêœínê±ïP,12,600-600,160-160,130-130,118-118,80-80,null,0,3,4,24-24-12-12-0,null,0-0,null,562-562-561-561--1,0 checked
656,èWêœínê±ïP-âÛ,12,0-0,0-0,0-0,0-0,0-0,null,0,3,4,24-12-6-6-0,null,0-0,null,562-561-561-561--1,0 checked
657,èWêœínê±ïP-âÛ,12,0-0,0-0,0-0,0-0,0-0,null,0,3,4,24-24-12-12-0,null,0-0,null,562-562-561-561--1,0 checked
658,èWêœínê±ïP-âÛ,12,480-480,190-190,118-118,80-80,90-90,null,0,3,4,36-24-24-12-0,null,0-0,null,562-562-562-561--1,0 checked
659,èdèÑê±ïP,5,350-350,145-145,100-100,66-66,72-72,null,10,2,4,null,null,0-0,null,563-563-515-564--1,0 checked
660,èdèÑê±ïP,5,350-350,175-175,130-130,74-74,79-79,null,10,2,4,null,null,0-0,null,563-563-515-564--1,0 checked
661,èdèÑê±ïP,5,350-350,195-195,160-160,82-82,86-86,null,10,2,4,null,null,0-0,null,563-563-515-564--1,0 checked
662,èdèÑê±ïP,5,370-370,158-158,130-130,74-74,79-79,null,10,2,4,null,null,0-0,null,563-563-515-564--1,0 checked
663,èdèÑê±ïP,5,380-380,188-188,160-160,82-82,86-86,null,10,2,4,null,null,0-0,null,563-563-515-564--1,0 checked
664,èdèÑê±ïP,5,390-390,208-208,190-190,90-90,93-93,null,10,2,4,null,null,0-0,null,563-563-515-564--1,0 checked
