//PREFIX,艦船ID,艦名,艦種,耐久,装甲,火力,雷撃,対空,運,速力,射程,スロット数,搭載数,回避,対潜,索敵,初期装備,艦娘フラグ,POSTFIX
SHIP(,1,"睦月",2,13.24,5.18,6.29,18.59,7.29,12.49,10,1,2,0.0.0.0.0,37.79,16.39,4.17,1.37.-1.-1.-1,1,)
SHIP(,2,"如月",2,13.24,5.18,6.29,18.49,7.29,10.49,10,1,2,0.0.0.0.0,37.69,16.39,4.17,1.-1.-1.-1.-1,1,)
SHIP(,6,"長月",2,13.24,5.18,6.29,18.49,7.29,15.69,10,1,2,0.0.0.0.0,37.69,16.39,4.17,1.-1.-1.-1.-1,1,)
SHIP(,7,"三日月",2,13.24,5.18,6.29,18.49,7.29,10.49,10,1,2,0.0.0.0.0,37.69,16.39,4.17,1.-1.-1.-1.-1,1,)
SHIP(,9,"吹雪",2,15.29,5.19,10.29,27.79,10.39,17.49,10,1,2,0.0.0.0.0,40.89,20.49,5.19,2.13.-1.-1.-1,1,)
SHIP(,10,"白雪",2,15.29,5.19,10.29,27.69,10.39,10.49,10,1,2,0.0.0.0.0,40.79,20.49,5.19,2.-1.-1.-1.-1,1,)
SHIP(,11,"深雪",2,15.29,5.19,10.29,27.69,10.39,10.49,10,1,2,0.0.0.0.0,40.79,20.49,5.19,2.-1.-1.-1.-1,1,)
SHIP(,12,"磯波",2,15.29,5.19,10.29,27.69,10.39,10.49,10,1,2,0.0.0.0.0,40.79,20.49,5.19,2.-1.-1.-1.-1,1,)
SHIP(,13,"綾波",2,15.29,5.19,10.29,27.79,12.39,12.49,10,1,2,0.0.0.0.0,41.89,20.49,5.19,2.13.-1.-1.-1,1,)
SHIP(,14,"敷波",2,15.29,5.19,10.29,27.69,12.39,10.49,10,1,2,0.0.0.0.0,41.79,20.49,5.19,2.-1.-1.-1.-1,1,)
SHIP(,15,"曙",2,15.29,5.19,10.29,27.69,12.39,10.49,10,1,2,0.0.0.0.0,41.79,20.49,5.19,2.-1.-1.-1.-1,1,)
SHIP(,16,"潮",2,15.29,5.19,10.29,27.69,12.39,20.79,10,1,2,0.0.0.0.0,41.79,20.49,5.19,2.-1.-1.-1.-1,1,)
SHIP(,17,"陽炎",2,16.34,6.19,10.29,24.79,12.39,12.49,10,1,2,0.0.0.0.0,44.79,24.49,6.19,2.14.-1.-1.-1,1,)
SHIP(,18,"不知火",2,16.34,6.19,10.29,24.69,9.39,10.49,10,1,2,0.0.0.0.0,44.79,24.49,6.19,2.-1.-1.-1.-1,1,)
SHIP(,19,"黒潮",2,16.34,6.19,10.29,24.69,9.39,10.49,10,1,2,0.0.0.0.0,44.79,24.49,6.19,2.-1.-1.-1.-1,1,)
SHIP(,20,"雪風",2,16.39,7.29,10.29,24.79,12.49,50.99,10,1,2,0.0.0.0.0,50.89,24.49,6.19,2.14.-1.-1.-1,1,)
SHIP(,21,"長良",3,26.39,10.29,14.49,24.89,13.59,12.49,10,2,2,1.1.0.0.0,37.79,20.59,8.39,4.14.-1.-1.-1,1,)
SHIP(,22,"五十鈴",3,26.39,10.29,14.39,24.79,13.49,10.49,10,2,2,1.1.0.0.0,37.69,40.79,8.39,4.-1.-1.-1.-1,1,)
SHIP(,23,"由良",3,26.39,10.29,14.39,24.79,13.49,10.49,10,2,2,1.1.0.0.0,37.69,40.79,8.39,4.-1.-1.-1.-1,1,)
SHIP(,24,"大井",3,25.39,11.29,14.49,24.89,13.59,17.49,10,2,2,0.0.0.0.0,37.77,19.59,8.39,4.14.-1.-1.-1,1,)
SHIP(,25,"北上",3,25.39,10.29,14.39,24.79,13.49,15.69,10,2,2,0.0.0.0.0,36.69,19.59,8.39,4.14.-1.-1.-1,1,)
SHIP(,26,"扶桑",9,67.89,59.79,74.94,0.0,23.79,5.39,5,3,4,3.3.3.3.0,19.39,0.0,9.33,7.11.25.-1.-1,1,)
SHIP(,27,"山城",9,67.89,59.79,74.94,0.0,23.79,5.39,5,3,4,3.3.3.3.0,19.39,0.0,9.33,7.11.25.-1.-1,1,)
SHIP(,28,"皐月",2,13.24,5.18,6.29,18.49,7.29,10.49,10,1,2,0.0.0.0.0,37.69,16.39,4.17,1.-1.-1.-1.-1,1,)
SHIP(,29,"文月",2,13.24,5.18,6.29,18.49,7.29,10.49,10,1,2,0.0.0.0.0,37.69,16.39,4.17,1.-1.-1.-1.-1,1,)
SHIP(,30,"菊月",2,13.24,5.18,6.29,18.49,7.29,10.49,10,1,2,0.0.0.0.0,37.69,16.39,4.17,1.-1.-1.-1.-1,1,)
SHIP(,31,"望月",2,13.24,5.18,6.29,18.49,7.29,10.49,10,1,2,0.0.0.0.0,37.69,16.39,4.17,1.-1.-1.-1.-1,1,)
SHIP(,32,"初雪",2,15.29,5.19,10.29,27.69,10.39,10.49,10,1,2,0.0.0.0.0,40.79,20.49,5.19,2.-1.-1.-1.-1,1,)
SHIP(,33,"叢雲",2,15.29,5.19,10.29,27.69,10.39,10.49,10,1,2,0.0.0.0.0,40.79,20.49,5.19,2.-1.-1.-1.-1,1,)
SHIP(,34,"暁",2,15.30,6.19,10.29,27.79,12.39,12.49,10,1,2,0.0.0.0.0,42.89,20.49,5.19,2.13.-1.-1.-1,1,)
SHIP(,35,"響",2,15.30,6.19,10.29,27.69,12.39,10.49,10,1,2,0.0.0.0.0,42.79,20.49,5.19,2.-1.-1.-1.-1,1,)
SHIP(,36,"雷",2,15.30,6.19,10.29,27.69,12.39,10.49,10,1,2,0.0.0.0.0,42.79,20.49,5.19,2.-1.-1.-1.-1,1,)
SHIP(,37,"電",2,15.30,6.19,10.29,27.69,12.39,10.49,10,1,2,0.0.0.0.0,42.79,20.49,5.19,2.-1.-1.-1.-1,1,)
SHIP(,38,"初春",2,16.31,6.19,10.29,27.79,12.39,12.49,10,1,2,0.0.0.0.0,43.89,21.49,5.19,2.13.-1.-1.-1,1,)
SHIP(,39,"子日",2,16.31,6.19,10.29,27.69,9.39,10.49,10,1,2,0.0.0.0.0,43.79,21.49,5.19,2.-1.-1.-1.-1,1,)
SHIP(,40,"若葉",2,16.31,6.19,10.29,27.69,9.39,10.49,10,1,2,0.0.0.0.0,43.79,21.49,5.19,2.-1.-1.-1.-1,1,)
SHIP(,41,"初霜",2,16.31,6.19,10.29,27.69,9.39,10.49,10,1,2,0.0.0.0.0,43.79,21.49,5.19,2.-1.-1.-1.-1,1,)
SHIP(,42,"白露",2,16.32,6.19,10.29,24.79,12.39,12.49,10,1,2,0.0.0.0.0,43.79,21.49,5.19,2.14.-1.-1.-1,1,)
SHIP(,43,"時雨",2,16.32,6.19,10.29,24.69,9.39,10.49,10,1,2,0.0.0.0.0,43.79,21.49,5.19,2.-1.-1.-1.-1,1,)
SHIP(,44,"村雨",2,16.32,6.19,10.29,24.69,9.39,10.49,10,1,2,0.0.0.0.0,43.79,21.49,5.19,2.-1.-1.-1.-1,1,)
SHIP(,45,"夕立",2,16.32,6.19,10.29,24.69,9.39,10.49,10,1,2,0.0.0.0.0,43.79,21.49,5.19,2.-1.-1.-1.-1,1,)
SHIP(,46,"五月雨",2,16.32,6.19,10.29,24.69,9.39,10.49,10,1,2,0.0.0.0.0,43.79,21.49,5.19,2.-1.-1.-1.-1,1,)
SHIP(,47,"涼風",2,16.32,6.19,10.29,24.79,9.39,12.49,10,1,2,0.0.0.0.0,43.79,21.49,5.19,2.14.-1.-1.-1,1,)
SHIP(,48,"霰",2,16.33,6.19,10.29,24.69,9.39,10.49,10,1,2,0.0.0.0.0,43.79,21.49,5.19,2.-1.-1.-1.-1,1,)
SHIP(,49,"霞",2,16.33,6.19,10.29,24.69,9.39,15.59,10,1,2,0.0.0.0.0,43.79,21.49,5.19,2.-1.-1.-1.-1,1,)
SHIP(,50,"島風",2,19.39,8.29,12.29,45.89,14.49,10.49,10,1,2,0.0.0.0.0,50.99,24.49,7.19,2.14.-1.-1.-1,1,)
SHIP(,51,"天龍",3,23.35,7.29,11.39,18.59,8.39,17.49,10,2,2,0.0.0.0.0,35.69,18.59,7.19,4.37.-1.-1.-1,1,)
SHIP(,52,"龍田",3,23.35,7.29,11.39,18.59,8.39,17.49,10,2,2,0.0.0.0.0,35.69,18.59,7.19,4.37.-1.-1.-1,1,)
SHIP(,53,"名取",3,26.39,10.29,14.39,24.79,13.49,10.49,10,2,2,1.1.0.0.0,37.69,20.59,8.39,4.-1.-1.-1.-1,1,)
SHIP(,54,"川内",3,26.39,11.29,14.49,24.89,13.59,12.49,10,2,2,1.1.0.0.0,38.79,20.69,8.39,4.25.-1.-1.-1,1,)
SHIP(,55,"神通",3,26.39,11.29,14.39,24.79,13.49,10.49,10,2,2,1.1.0.0.0,38.69,20.69,8.39,4.-1.-1.-1.-1,1,)
SHIP(,56,"那珂",3,26.39,11.29,14.39,24.79,13.49,10.49,10,2,2,1.1.0.0.0,38.69,24.69,8.39,4.-1.-1.-1.-1,1,)
SHIP(,57,"大井改",4,32.49,12.39,8.39,80.99,13.39,10.49,10,2,2,0.0.0.0.0,37.77,25.59,8.39,15.15.-1.-1.-1,1,)
SHIP(,58,"北上改",4,32.49,12.39,8.39,80.99,13.39,15.69,10,2,2,0.0.0.0.0,37.77,25.59,8.39,15.15.-1.-1.-1,1,)
SHIP(,59,"古鷹",5,36.49,25.34,30.54,12.59,16.59,10.49,10,2,3,2.2.2.0.0,33.69,0.0,10.39,6.37.-1.-1.-1,1,)
SHIP(,60,"加古",5,36.49,25.34,30.49,12.49,16.49,10.49,10,2,3,2.2.2.0.0,33.59,0.0,10.39,6.-1.-1.-1.-1,1,)
SHIP(,61,"青葉",5,37.49,26.37,30.54,12.59,16.59,20.69,10,2,3,2.2.2.0.0,33.69,0.0,11.39,6.37.-1.-1.-1,1,)
SHIP(,62,"妙高",5,44.60,32.49,40.59,24.59,16.64,10.49,10,2,3,2.2.2.0.0,34.69,0.0,12.39,6.25.-1.-1.-1,1,)
SHIP(,63,"那智",5,44.56,32.49,40.54,24.49,16.54,10.49,10,2,3,2.2.2.0.0,34.59,0.0,12.39,6.-1.-1.-1.-1,1,)
SHIP(,64,"足柄",5,44.56,32.49,40.54,24.49,16.54,10.49,10,2,3,2.2.2.0.0,34.59,0.0,12.39,6.-1.-1.-1.-1,1,)
SHIP(,65,"羽黒",5,44.56,32.49,40.54,24.49,16.54,10.49,10,2,3,2.2.2.0.0,34.59,0.0,12.39,6.-1.-1.-1.-1,1,)
SHIP(,66,"高雄",5,45.60,35.49,40.59,24.59,18.66,10.49,10,2,3,2.2.2.0.0,35.69,0.0,13.39,6.25.-1.-1.-1,1,)
SHIP(,67,"愛宕",5,45.60,35.49,40.54,24.59,18.56,10.49,10,2,3,2.2.2.0.0,35.59,0.0,13.39,6.25.-1.-1.-1,1,)
SHIP(,68,"摩耶",5,45.57,35.49,40.54,24.49,18.56,10.49,10,2,3,2.2.2.0.0,35.59,0.0,13.39,6.-1.-1.-1.-1,1,)
SHIP(,69,"鳥海",5,45.57,35.49,40.54,24.49,18.56,10.49,10,2,3,2.2.2.0.0,35.59,0.0,13.39,6.-1.-1.-1.-1,1,)
SHIP(,70,"最上",5,41.59,31.59,40.59,18.69,20.59,10.49,10,2,3,2.2.2.0.0,35.69,0.0,14.39,5.25.-1.-1.-1,1,)
SHIP(,71,"利根",5,44.62,36.59,32.59,24.59,20.67,10.49,10,2,3,3.3.3.0.0,36.69,0.0,20.59,6.25.-1.-1.-1,1,)
SHIP(,72,"筑摩",5,44.62,36.59,32.59,24.59,20.67,10.49,10,2,3,3.3.3.0.0,36.69,0.0,20.59,6.25.-1.-1.-1,1,)
SHIP(,73,"最上改",6,50.67,37.71,24.75,18.69,20.59,10.69,10,2,4,5.6.5.3.0,35.69,0.0,22.59,6.26.25.-1.-1,1,)
SHIP(,74,"祥鳳",7,32.55,19.39,0.19,0.0,14.29,10.49,10,1,3,18.9.3.0.0,28.49,0.0,34.69,23.16.-1.-1.-1,1,)
SHIP(,75,"飛鷹",7,40.64,21.39,0.19,0.0,21.59,10.49,5,1,4,12.18.18.10.0,28.54,0.0,38.59,19.23.16.-1.-1,1,)
SHIP(,76,"龍驤",7,31.54,17.39,0.19,0.0,16.29,10.49,10,1,3,9.24.5.0.0,27.44,0.0,34.69,19.16.-1.-1.-1,1,)
SHIP(,77,"伊勢",9,74.89,70.89,74.89,0.0,28.79,15.69,5,3,4,3.3.3.3.0,22.49,0.0,10.36,7.4.25.-1.-1,1,)
SHIP(,78,"金剛",8,63.79,52.69,63.89,0.0,24.69,12.49,10,3,3,3.3.3.0.0,30.59,0.0,13.39,7.11.37.-1.-1,1,)
SHIP(,79,"榛名",8,63.79,52.69,63.89,0.0,24.69,15.69,10,3,3,3.3.3.0.0,30.59,0.0,13.39,7.11.37.-1.-1,1,)
SHIP(,80,"長門",9,80.94,75.89,82.99,0.0,31.89,20.79,5,3,4,3.3.3.3.0,24.49,0.0,12.39,8.4.25.-1.-1,1,)
SHIP(,81,"陸奥",9,80.94,75.89,82.99,0.0,31.89,3.39,5,3,4,3.3.3.3.0,24.49,0.0,12.39,8.4.25.-1.-1,1,)
SHIP(,82,"伊勢改",10,77.89,74.92,63.79,0.0,45.89,30.79,5,3,4,11.11.11.14.0,36.77,0.0,20.49,7.26.-1.-1.-1,1,)
SHIP(,83,"赤城",11,69.79,28.54,0.39,0.0,32.69,12.49,10,1,4,18.18.27.10.0,28.49,0.0,44.69,20.23.16.-1.-1,1,)
SHIP(,84,"加賀",11,71.89,29.59,0.39,0.0,28.69,10.49,10,1,4,18.18.45.12.0,27.49,0.0,40.69,20.23.16.-1.-1,1,)
SHIP(,85,"霧島",8,63.79,52.69,63.89,0.0,24.69,10.49,10,3,3,3.3.3.0.0,30.59,0.0,13.39,7.11.37.-1.-1,1,)
SHIP(,86,"比叡",8,63.79,52.69,63.89,0.0,24.69,10.49,10,3,3,3.3.3.0.0,30.59,0.0,13.39,7.11.37.-1.-1,1,)
SHIP(,87,"日向",9,74.89,70.89,74.94,0.0,28.79,15.69,5,3,4,3.3.3.3.0,22.49,0.0,10.36,7.4.25.-1.-1,1,)
SHIP(,88,"日向改",10,77.89,74.92,63.79,0.0,45.89,30.79,5,3,4,11.11.11.14.0,36.77,0.0,20.49,7.26.-1.-1.-1,1,)
SHIP(,89,"鳳翔",7,30.49,15.39,0.19,0.0,10.29,20.69,5,1,2,8.11.0.0.0,24.39,0.0,32.69,23.-1.-1.-1.-1,1,)
SHIP(,90,"蒼龍",11,50.79,27.49,0.29,0.0,26.69,10.49,10,1,4,12.27.18.7.0,33.59,0.0,42.69,20.23.16.-1.-1,1,)
SHIP(,91,"飛龍",11,50.79,27.49,0.29,0.0,26.69,35.89,10,1,4,12.27.18.7.0,37.69,0.0,42.69,20.23.16.-1.-1,1,)
SHIP(,92,"隼鷹",7,40.64,21.39,0.19,0.0,21.59,20.79,5,1,4,12.18.18.10.0,28.54,0.0,38.59,19.23.16.-1.-1,1,)
SHIP(,93,"朧",2,15.29,5.19,10.29,27.69,12.39,10.49,10,1,2,0.0.0.0.0,41.79,20.49,5.19,2.-1.-1.-1.-1,1,)
SHIP(,94,"漣",2,15.29,5.19,10.29,27.69,12.39,10.49,10,1,2,0.0.0.0.0,41.79,20.49,5.19,2.-1.-1.-1.-1,1,)
SHIP(,95,"朝潮",2,16.33,6.19,10.29,24.79,12.39,12.49,10,1,2,0.0.0.0.0,43.79,21.49,5.19,2.14.-1.-1.-1,1,)
SHIP(,96,"大潮",2,16.33,6.19,10.29,24.69,9.39,10.49,10,1,2,0.0.0.0.0,43.79,21.49,5.19,2.-1.-1.-1.-1,1,)
SHIP(,97,"満潮",2,16.33,6.19,10.29,24.69,9.39,10.49,10,1,2,0.0.0.0.0,43.79,21.49,5.19,2.-1.-1.-1.-1,1,)
SHIP(,98,"荒潮",2,16.33,6.19,10.29,24.69,9.39,10.49,10,1,2,0.0.0.0.0,43.79,21.49,5.19,2.-1.-1.-1.-1,1,)
SHIP(,99,"球磨",3,25.39,10.29,14.49,24.89,13.59,12.49,10,2,2,1.1.0.0.0,36.79,19.59,8.39,4.25.-1.-1.-1,1,)
SHIP(,100,"多摩",3,25.39,10.29,14.39,24.79,13.49,10.49,10,2,2,1.1.0.0.0,36.69,19.59,8.39,4.-1.-1.-1.-1,1,)
SHIP(,101,"木曾",3,25.39,10.29,14.39,24.79,13.49,10.49,10,2,2,1.1.0.0.0,36.69,19.59,8.39,4.-1.-1.-1.-1,1,)
SHIP(,102,"千歳",16,40.59,18.39,9.29,0.0,14.29,10.49,10,1,2,12.12.0.0.0,20.39,0.0,34.69,10.25.-1.-1.-1,1,)
SHIP(,103,"千代田",16,40.59,18.39,9.29,0.0,14.29,10.49,10,1,2,12.12.0.0.0,20.39,0.0,34.69,10.25.-1.-1.-1,1,)
SHIP(,104,"千歳改",16,41.59,20.39,9.29,0.29,15.29,10.49,10,1,3,12.6.6.0.0,25.44,0.0,36.69,25.26.2.-1.-1,1,)
SHIP(,105,"千代田改",16,41.59,20.39,9.29,0.29,15.29,10.49,10,1,3,12.6.6.0.0,25.44,0.0,36.69,25.26.2.-1.-1,1,)
SHIP(,106,"千歳甲",16,42.59,21.39,9.29,15.72,17.39,10.59,10,1,3,12.6.6.0.0,27.49,0.0,30.69,25.41.41.-1.-1,1,)
SHIP(,107,"千代田甲",16,42.59,21.39,9.29,15.72,17.39,10.59,10,1,3,12.6.6.0.0,27.49,0.0,30.69,25.41.41.-1.-1,1,)
SHIP(,108,"千歳航",7,47.59,25.39,0.19,0.0,20.49,10.59,10,1,3,21.9.6.0.0,37.67,0.0,36.69,20.16.-1.-1.-1,1,)
SHIP(,109,"千代田航",7,47.59,25.39,0.19,0.0,20.49,10.59,10,1,3,21.9.6.0.0,37.67,0.0,36.69,20.16.-1.-1.-1,1,)
SHIP(,110,"翔鶴",11,62.79,33.49,0.39,0.0,29.69,10.49,10,1,4,21.21.21.12.0,36.59,0.0,44.69,20.23.16.-1.-1,1,)
SHIP(,111,"瑞鶴",11,62.79,33.49,0.39,0.0,29.69,40.89,10,1,4,21.21.21.12.0,39.69,0.0,44.69,20.23.16.-1.-1,1,)
SHIP(,112,"瑞鶴改",11,75.90,42.72,0.39,0.0,40.79,42.89,10,1,4,24.24.24.12.0,42.79,0.0,48.89,21.24.51.-1.-1,1,)
SHIP(,113,"鬼怒",3,26.39,10.29,14.39,24.79,13.49,12.49,10,2,2,1.1.0.0.0,38.69,20.59,8.39,4.-1.-1.-1.-1,1,)
SHIP(,114,"阿武隈",3,27.39,10.29,14.39,24.79,13.49,12.49,10,2,2,1.1.0.0.0,39.69,20.59,8.39,4.-1.-1.-1.-1,1,)
SHIP(,115,"夕張",3,19.33,10.29,17.42,20.69,10.42,12.49,10,2,3,0.0.0.0.0,42.69,13.39,6.39,4.4.-1.-1.-1,1,)
SHIP(,116,"瑞鳳",7,32.55,19.39,0.19,0.0,14.29,30.79,10,1,3,18.9.3.0.0,29.49,0.0,34.69,23.16.-1.-1.-1,1,)
SHIP(,117,"瑞鳳改",7,45.69,25.59,0.29,0.0,18.39,40.89,10,1,4,18.12.12.6.0,29.59,0.0,35.79,21.24.17.-1.-1,1,)
SHIP(,118,"大井改二",4,43.59,23.63,17.63,90.139,15.49,13.49,10,2,3,0.0.0.0.0,43.83,27.79,9.43,10.58.30.-1.-1,1,)
SHIP(,119,"北上改二",4,43.59,23.63,17.63,90.139,15.49,30.79,10,2,3,0.0.0.0.0,43.83,27.79,9.43,10.58.30.-1.-1,1,)
SHIP(,120,"三隈",5,40.59,30.59,40.59,18.69,18.59,5.49,10,2,3,2.2.2.0.0,31.62,0.0,14.39,6.25.-1.-1.-1,1,)
SHIP(,121,"三隈改",6,50.67,37.71,24.75,18.69,20.59,10.69,10,2,4,5.6.5.3.0,34.69,0.0,22.59,50.30.26.-1.-1,1,)
SHIP(,122,"舞風",2,16.34,6.19,10.29,24.69,9.39,10.49,10,1,2,0.0.0.0.0,45.79,24.49,6.19,2.39.-1.-1.-1,1,)
SHIP(,123,"衣笠",5,37.49,26.37,30.54,12.59,16.59,20.69,10,2,3,2.2.2.0.0,33.69,0.0,11.39,6.37.-1.-1.-1,1,)
SHIP(,124,"鈴谷",5,40.59,30.59,40.59,18.69,18.59,5.49,10,2,3,2.2.2.0.0,31.62,0.0,14.39,6.25.-1.-1.-1,1,)
SHIP(,125,"熊野",5,40.59,30.59,40.59,18.69,18.59,5.49,10,2,3,2.2.2.0.0,31.62,0.0,14.39,6.25.-1.-1.-1,1,)
SHIP(,126,"伊168",13,10.17,3.17,2.7,24.59,0.0,10.49,5,1,1,0.0.0.0.0,15.39,0.0,9.29,-1.-1.-1.-1.-1,1,)
SHIP(,127,"伊58",13,14.19,4.19,2.9,30.69,0.0,40.79,5,1,1,0.0.0.0.0,13.36,0.0,10.39,-1.-1.-1.-1.-1,1,)
SHIP(,128,"伊8",13,15.19,4.19,2.9,30.69,0.0,20.59,5,1,1,0.0.0.0.0,14.37,0.0,10.39,-1.-1.-1.-1.-1,1,)
SHIP(,129,"鈴谷改",6,50.67,37.71,24.75,18.69,20.59,10.69,10,2,4,5.6.5.3.0,34.69,0.0,22.59,6.30.26.-1.-1,1,)
SHIP(,130,"熊野改",6,50.67,37.71,24.75,18.69,20.59,10.69,10,2,4,5.6.5.3.0,34.69,0.0,22.59,6.28.26.-1.-1,1,)
SHIP(,131,"大和",9,93.98,88.108,96.129,0.0,50.94,12.79,5,4,4,7.7.7.7.0,27.59,0.0,15.39,9.12.59.-1.-1,1,)
SHIP(,132,"秋雲",2,16.34,6.19,10.29,24.69,9.39,14.49,10,1,2,0.0.0.0.0,45.79,24.49,6.19,2.39.-1.-1.-1,1,)
SHIP(,133,"夕雲",2,16.34,6.19,10.30,24.69,9.39,12.49,10,1,2,0.0.0.0.0,47.80,27.52,6.19,2.39.-1.-1.-1,1,)
SHIP(,134,"巻雲",2,16.34,6.19,10.30,24.69,9.39,11.49,10,1,2,0.0.0.0.0,47.80,27.52,6.19,2.39.-1.-1.-1,1,)
SHIP(,135,"長波",2,16.34,6.19,10.30,24.69,9.39,13.49,10,1,2,0.0.0.0.0,47.80,27.52,6.19,2.39.-1.-1.-1,1,)
SHIP(,136,"大和改",9,96.108,92.118,92.139,0.0,68.104,13.79,5,4,4,7.7.7.7.0,28.64,0.0,17.39,9.10.28.-1.-1,1,)
SHIP(,137,"阿賀野",3,30.45,17.32,20.42,24.72,17.60,10.49,10,2,3,2.2.2.0.0,37.72,25.70,12.45,65.66.-1.-1.-1,1,)
SHIP(,138,"能代",3,30.45,17.32,20.42,24.72,17.60,10.49,10,2,3,2.2.2.0.0,37.72,25.70,12.45,65.66.-1.-1.-1,1,)
SHIP(,139,"矢矧",3,31.45,17.33,20.42,24.72,17.63,13.59,10,2,3,2.2.2.0.0,38.72,25.70,13.45,65.66.-1.-1.-1,1,)
SHIP(,140,"酒匂",3,31.45,17.32,19.41,23.71,17.62,20.49,10,2,3,2.2.2.0.0,36.72,27.72,12.45,65.66.-1.-1.-1,1,)
SHIP(,141,"五十鈴改二",3,44.59,30.69,18.59,24.79,45.84,13.67,10,1,3,0.0.0.0.0,42.79,54.94,15.59,28.30.45.-1.-1,1,)
SHIP(,142,"衣笠改二",5,53.65,35.73,38.78,24.74,22.66,13.65,10,2,4,2.2.2.2.0,38.79,0.0,13.54,50.15.-1.-1.-1,1,)
SHIP(,143,"武蔵",9,94.98,88.108,96.129,0.0,50.94,10.79,5,4,4,7.7.7.7.0,27.59,0.0,16.40,9.12.59.-1.-1,1,)
SHIP(,144,"夕立改二",2,31.58,14.52,17.73,37.93,16.59,20.59,10,1,3,0.0.0.0.0,46.89,28.69,12.49,63.15.-1.-1.-1,1,)
SHIP(,145,"時雨改二",2,31.49,14.52,13.57,28.84,24.72,50.79,10,1,3,0.0.0.0.0,62.93,30.69,9.43,28.27.-1.-1.-1,1,)
SHIP(,146,"木曾改二",4,44.59,24.65,18.64,80.110,24.72,13.69,10,2,3,0.0.0.0.0,45.84,32.82,13.49,58.27.40.-1.-1,1,)
SHIP(,147,"Верный",2,37.49,15.57,13.54,30.89,18.59,20.77,10,1,3,0.0.0.0.0,47.89,30.74,10.44,-1.-1.-1.-1.-1,1,)
SHIP(,148,"武蔵改",9,97.108,92.119,92.139,0.0,60.99,9.79,5,4,4,7.7.7.7.0,27.63,0.0,18.40,9.40.28.-1.-1,1,)
SHIP(,149,"金剛改二",8,82.99,70.94,76.98,0.0,30.84,15.79,10,3,4,3.3.3.3.0,37.72,0.0,16.49,8.30.28.-1.-1,1,)
SHIP(,150,"比叡改二",8,83.99,72.95,76.98,0.0,30.82,13.79,10,3,4,3.3.3.3.0,36.72,0.0,16.49,8.30.35.-1.-1,1,)
SHIP(,151,"榛名改二",8,81.99,70.93,75.96,0.0,41.92,41.89,10,3,4,3.3.3.3.0,39.74,0.0,17.49,104.104.35.27.-1,1,)
SHIP(,152,"霧島改二",8,82.99,70.92,78.104,0.0,30.82,14.79,10,3,4,3.3.3.3.0,34.72,0.0,15.49,8.74.30.-1.-1,1,)
SHIP(,153,"大鳳",18,67.87,40.79,0.49,0.0,42.79,2.19,10,1,4,18.18.18.7.0,33.57,0.0,47.74,60.24.17.-1.-1,1,)
SHIP(,154,"香取",21,36.48,9.27,14.28,12.28,14.42,10.49,5,2,3,1.1.1.0.0,24.49,12.42,10.38,119.10.39.-1.-1,1,)
SHIP(,155,"伊401",14,20.24,5.24,2.9,36.72,0.0,20.59,5,1,1,3.0.0.0.0,13.35,0.0,15.45,-1.-1.-1.-1.-1,1,)
SHIP(,156,"大鳳改",18,70.90,44.84,0.59,0.0,45.86,4.39,10,1,4,30.24.24.8.0,34.59,0.0,50.77,22.18.71.-1.-1,1,)
SHIP(,157,"龍驤改二",7,50.72,28.62,0.40,0.0,24.48,15.59,10,1,4,18.28.6.3.0,36.69,0.0,37.79,60.39.61.-1.-1,1,)
SHIP(,158,"川内改二",3,48.64,29.69,24.67,26.88,20.70,14.79,10,2,3,1.1.1.0.0,43.84,38.74,16.55,101.74.102.-1.-1,1,)
SHIP(,159,"神通改二",3,50.63,29.69,27.70,38.98,18.68,13.79,10,2,3,1.1.1.0.0,41.80,40.80,12.54,74.15.15.-1.-1,1,)
SHIP(,160,"那珂改二",3,48.62,29.68,22.68,28.84,24.72,13.69,10,2,3,1.1.1.0.0,42.82,48.84,15.54,10.15.30.-1.-1,1,)
SHIP(,161,"あきつ丸",17,38.49,13.33,6.19,0.0,13.29,10.39,5,1,2,0.0.0.0.0,15.39,0.0,3.13,68.39.-1.-1.-1,1,)
SHIP(,163,"まるゆ",13,6.9,2.9,1.3,0.9,0.0,7.77,5,1,0,0.0.0.0.0,9.19,0.0,1.9,-1.-1.-1.-1.-1,1,)
SHIP(,164,"弥生",2,13.24,5.18,6.29,18.49,7.29,10.49,10,1,2,0.0.0.0.0,37.69,16.39,4.17,1.-1.-1.-1.-1,1,)
SHIP(,165,"卯月",2,13.24,5.18,6.29,18.49,7.29,10.49,10,1,2,0.0.0.0.0,37.69,16.39,4.17,1.-1.-1.-1.-1,1,)
SHIP(,166,"あきつ丸改",17,40.59,15.43,8.33,0.0,15.37,13.49,5,1,3,8.8.8.0.0,17.49,0.0,13.59,70.69.-1.-1.-1,1,)
SHIP(,167,"磯風",2,16.34,6.19,10.29,24.69,14.44,16.54,10,1,2,0.0.0.0.0,44.79,24.49,8.19,2.40.-1.-1.-1,1,)
SHIP(,168,"浦風",2,16.34,6.19,10.29,24.69,10.40,13.49,10,1,2,0.0.0.0.0,44.79,24.49,7.19,2.44.-1.-1.-1,1,)
SHIP(,169,"谷風",2,16.34,6.19,10.29,24.69,10.40,14.49,10,1,2,0.0.0.0.0,44.79,24.49,7.19,2.44.-1.-1.-1,1,)
SHIP(,170,"浜風",2,16.34,6.19,10.29,24.69,13.42,15.49,10,1,2,0.0.0.0.0,44.79,24.49,7.19,2.44.-1.-1.-1,1,)
SHIP(,171,"Bismarck",8,90.96,67.83,64.88,0.0,18.48,8.69,10,3,4,4.4.4.4.0,33.63,0.0,16.42,76.77.-1.-1.-1,1,)
SHIP(,172,"Bismarck改",8,94.99,77.93,70.93,0.0,24.58,10.79,10,3,4,4.4.4.4.0,38.69,0.0,18.52,76.77.-1.-1.-1,1,)
SHIP(,173,"Bismarck zwei",8,96.99,80.94,70.97,0.0,25.62,20.82,10,3,4,4.4.4.4.0,39.72,0.0,19.54,76.85.84.-1.-1,1,)
SHIP(,174,"Z1",2,18.29,8.22,8.26,24.60,12.42,6.39,10,1,3,0.0.0.0.0,36.76,32.64,6.24,78.-1.-1.-1.-1,1,)
SHIP(,175,"Z3",2,18.29,8.22,8.26,24.60,12.42,6.39,10,1,3,0.0.0.0.0,36.76,32.64,6.24,78.-1.-1.-1.-1,1,)
SHIP(,176,"Prinz Eugen",5,50.72,38.64,38.56,32.64,16.44,30.79,10,2,3,3.3.3.0.0,34.68,0.0,15.40,123.115.-1.-1.-1,1,)
SHIP(,177,"Prinz Eugen改",5,63.79,48.82,48.75,40.84,18.60,40.89,10,2,4,3.3.3.3.0,40.74,0.0,16.50,123.84.124.-1.-1,1,)
SHIP(,178,"Bismarck drei",8,96.99,82.95,74.99,16.36,35.70,22.84,10,3,4,4.4.4.4.0,40.74,0.0,22.59,114.114.85.115.-1,1,)
SHIP(,179,"Z1 zwei",2,35.59,18.53,12.49,27.71,20.64,15.49,10,1,3,0.0.0.0.0,43.84,37.69,9.43,84.78.-1.-1.-1,1,)
SHIP(,180,"Z3 zwei",2,35.59,18.53,10.47,27.71,24.68,15.49,10,1,3,0.0.0.0.0,43.84,37.69,9.43,85.78.-1.-1.-1,1,)
SHIP(,181,"天津風",2,18.37,7.25,10.29,28.79,22.53,18.59,10,1,3,0.0.0.0.0,48.89,26.54,8.19,2.14.34.-1.-1,1,)
SHIP(,182,"明石",19,39.48,7.19,4.14,0.0,10.24,10.39,5,1,3,0.0.0.0.0,8.29,0.0,1.5,86.39.-1.-1.-1,1,)
SHIP(,183,"大淀",3,34.47,19.34,24.48,0.39,18.62,24.69,10,2,3,0.6.6.0.0,35.70,0.39,24.80,5.71.25.-1.-1,1,)
SHIP(,184,"大鯨",20,39.55,15.37,5.15,0.0,16.36,20.59,5,1,3,2.3.3.0.0,24.39,0.0,24.48,10.92.-1.-1.-1,1,)
SHIP(,185,"龍鳳",7,39.57,18.38,0.20,0.0,24.48,20.69,5,1,3,18.7.6.0.0,27.49,0.0,28.64,20.16.-1.-1.-1,1,)
SHIP(,186,"時津風",2,16.34,6.19,10.29,24.69,10.40,13.49,10,1,2,0.0.0.0.0,44.79,24.49,7.19,2.14.-1.-1.-1,1,)
SHIP(,187,"明石改",19,45.58,9.27,6.24,0.0,16.36,12.49,5,1,4,0.0.0.0.0,10.39,0.0,2.6,86.10.39.-1.-1,1,)
SHIP(,188,"利根改二",6,59.72,48.79,46.77,32.82,32.82,15.69,10,2,4,2.2.9.5.0,42.79,0.0,30.90,50.30.79.-1.-1,1,)
SHIP(,189,"筑摩改二",6,58.72,48.79,46.77,33.83,33.83,14.67,10,2,4,2.2.9.5.0,42.79,0.0,30.90,50.30.79.-1.-1,1,)
SHIP(,190,"初風",2,16.34,6.19,10.29,24.69,9.39,10.49,10,1,2,0.0.0.0.0,45.79,24.49,6.19,2.39.-1.-1.-1,1,)
SHIP(,191,"伊19",13,14.19,4.18,2.9,36.79,0.0,12.49,5,1,1,0.0.0.0.0,12.36,0.0,10.39,-1.-1.-1.-1.-1,1,)
SHIP(,192,"那智改二",5,56.71,48.78,50.80,34.84,33.83,18.70,10,2,4,2.2.4.4.0,44.83,0.0,20.60,-1.-1.-1.-1.-1,1,)
SHIP(,193,"足柄改二",5,56.71,47.79,53.82,34.84,26.74,20.72,10,2,4,2.2.4.4.0,44.83,0.0,17.57,90.90.90.-1.-1,1,)
SHIP(,194,"羽黒改二",5,57.71,47.77,52.84,34.84,24.72,19.70,10,2,4,2.2.4.4.0,45.84,0.0,18.58,90.90.28.-1.-1,1,)
SHIP(,195,"綾波改二",2,32.54,15.54,17.70,30.87,16.52,40.77,10,1,3,0.0.0.0.0,50.90,25.63,13.49,63.101.74.-1.-1,1,)
SHIP(,196,"飛龍改二",11,67.89,37.76,0.64,0.0,33.82,50.92,10,1,4,18.36.22.3.0,40.82,0.0,52.89,96.97.93.-1.-1,1,)
SHIP(,197,"蒼龍改二",11,67.89,36.75,0.57,0.0,34.84,15.59,10,1,4,18.35.20.6.0,36.74,0.0,55.90,96.99.98.61.-1,1,)
SHIP(,200,"阿武隈改二",3,45.61,29.68,16.56,34.94,35.78,20.74,10,1,3,1.1.1.0.0,45.83,48.82,16.60,91.106.68.-1.-1,1,)
SHIP(,201,"吹雪改",2,30.49,13.49,12.49,28.79,15.49,12.49,10,1,3,0.0.0.0.0,45.89,24.59,7.39,3.13.-1.-1.-1,1,)
SHIP(,202,"白雪改",2,30.49,13.49,12.49,28.79,15.49,12.49,10,1,3,0.0.0.0.0,45.89,24.59,7.39,3.13.-1.-1.-1,1,)
SHIP(,203,"初雪改",2,30.49,13.49,12.49,28.79,15.49,12.49,10,1,3,0.0.0.0.0,45.89,24.59,7.39,3.13.-1.-1.-1,1,)
SHIP(,204,"深雪改",2,30.49,13.49,12.49,28.79,15.49,12.49,10,1,3,0.0.0.0.0,45.89,24.59,7.39,3.13.-1.-1.-1,1,)
SHIP(,205,"叢雲改",2,30.49,13.49,12.49,28.79,15.49,12.49,10,1,3,0.0.0.0.0,45.89,24.59,7.39,3.13.-1.-1.-1,1,)
SHIP(,206,"磯波改",2,30.49,13.49,12.49,28.79,15.49,12.49,10,1,3,0.0.0.0.0,45.89,24.59,7.39,3.13.-1.-1.-1,1,)
SHIP(,207,"綾波改",2,30.49,13.49,12.49,28.79,15.49,12.49,10,1,3,0.0.0.0.0,45.89,24.59,7.39,3.13.-1.-1.-1,1,)
SHIP(,208,"敷波改",2,30.49,13.49,12.49,28.79,15.49,12.49,10,1,3,0.0.0.0.0,45.89,24.59,7.39,3.13.-1.-1.-1,1,)
SHIP(,209,"金剛改",8,75.89,67.89,72.94,0.0,28.79,12.69,10,3,4,3.3.3.3.0,35.69,0.0,15.49,8.12.10.-1.-1,1,)
SHIP(,210,"比叡改",8,75.89,67.89,72.94,0.0,28.79,12.69,10,3,4,3.3.3.3.0,35.69,0.0,15.49,8.12.10.-1.-1,1,)
SHIP(,211,"榛名改",8,75.89,67.89,72.94,0.0,28.79,20.69,10,3,4,3.3.3.3.0,35.69,0.0,15.49,8.12.10.-1.-1,1,)
SHIP(,212,"霧島改",8,75.89,67.89,72.94,0.0,28.79,12.69,10,3,4,3.3.3.3.0,35.69,0.0,15.49,8.12.10.-1.-1,1,)
SHIP(,213,"天龍改",3,40.54,28.59,20.59,24.79,12.49,12.59,10,2,3,0.0.0.0.0,42.79,24.69,10.49,4.10.15.-1.-1,1,)
SHIP(,214,"龍田改",3,40.54,28.59,20.59,24.79,12.49,12.59,10,2,3,0.0.0.0.0,42.79,24.69,10.49,4.10.15.-1.-1,1,)
SHIP(,215,"球磨改",3,42.59,29.69,20.69,24.89,15.69,12.59,10,2,3,1.1.1.0.0,40.79,24.79,10.49,4.15.25.-1.-1,1,)
SHIP(,216,"多摩改",3,42.59,29.59,20.59,24.79,15.59,12.59,10,2,3,1.1.1.0.0,40.79,24.79,10.49,4.15.25.-1.-1,1,)
SHIP(,217,"木曾改",3,42.59,29.59,20.59,24.79,15.59,12.59,10,2,3,1.1.1.0.0,40.79,24.79,10.49,4.15.25.-1.-1,1,)
SHIP(,218,"長良改",3,43.59,29.69,20.69,24.89,15.69,12.59,10,2,3,1.1.1.0.0,40.79,24.79,10.49,4.15.25.-1.-1,1,)
SHIP(,219,"五十鈴改",3,37.59,29.59,18.59,24.79,40.59,12.59,10,2,3,1.1.1.0.0,40.79,48.79,10.49,10.30.15.-1.-1,1,)
SHIP(,220,"由良改",3,43.59,29.59,20.59,24.79,15.59,12.59,10,2,3,1.1.1.0.0,40.79,48.79,10.49,4.15.25.-1.-1,1,)
SHIP(,221,"名取改",3,43.59,29.59,20.69,24.89,15.59,12.59,10,2,3,1.1.1.0.0,40.79,24.79,10.49,4.15.25.-1.-1,1,)
SHIP(,222,"川内改",3,44.59,29.69,20.59,24.79,15.69,12.59,10,2,3,1.1.1.0.0,40.79,24.79,10.49,4.15.25.-1.-1,1,)
SHIP(,223,"神通改",3,44.59,29.59,20.59,24.79,15.59,12.59,10,2,3,1.1.1.0.0,40.79,24.79,10.49,4.15.25.-1.-1,1,)
SHIP(,224,"那珂改",3,44.59,29.59,20.59,24.79,15.59,12.59,10,2,3,1.1.1.0.0,40.79,32.79,10.49,4.15.25.-1.-1,1,)
SHIP(,225,"陽炎改",2,32.49,14.49,12.49,28.79,16.49,12.59,10,1,3,0.0.0.0.0,47.89,27.59,8.39,3.15.-1.-1.-1,1,)
SHIP(,226,"不知火改",2,32.49,14.49,12.49,28.79,16.49,12.59,10,1,3,0.0.0.0.0,47.89,27.59,8.39,3.15.-1.-1.-1,1,)
SHIP(,227,"黒潮改",2,32.49,14.49,12.49,28.79,16.49,12.59,10,1,3,0.0.0.0.0,47.89,27.59,8.39,3.15.-1.-1.-1,1,)
SHIP(,228,"雪風改",2,32.49,14.59,12.59,28.89,16.59,60.99,10,1,3,0.0.0.0.0,67.99,27.59,8.39,3.15.-1.-1.-1,1,)
SHIP(,229,"島風改",2,36.59,14.59,14.59,48.99,16.59,12.59,10,1,3,0.0.0.0.0,55.99,27.59,9.39,3.15.-1.-1.-1,1,)
SHIP(,230,"朧改",2,30.49,13.49,12.49,28.79,15.49,12.59,10,1,3,0.0.0.0.0,45.89,24.59,7.39,3.13.-1.-1.-1,1,)
SHIP(,231,"曙改",2,30.49,13.49,12.49,28.79,15.49,12.59,10,1,3,0.0.0.0.0,45.89,24.59,7.39,3.13.-1.-1.-1,1,)
SHIP(,232,"漣改",2,30.49,13.49,12.49,28.79,15.49,12.59,10,1,3,0.0.0.0.0,45.89,24.59,7.39,3.13.-1.-1.-1,1,)
SHIP(,233,"潮改",2,30.49,13.49,12.49,28.79,15.49,20.79,10,1,3,0.0.0.0.0,45.89,24.59,7.39,3.13.-1.-1.-1,1,)
SHIP(,234,"暁改",2,30.49,13.49,12.49,28.79,15.49,12.59,10,1,3,0.0.0.0.0,45.89,24.59,7.39,3.13.-1.-1.-1,1,)
SHIP(,235,"響改",2,30.49,13.49,12.49,28.79,15.49,12.59,10,1,3,0.0.0.0.0,45.89,24.59,7.39,3.13.-1.-1.-1,1,)
SHIP(,236,"雷改",2,30.49,13.49,12.49,28.79,15.49,12.59,10,1,3,0.0.0.0.0,45.89,24.59,7.39,3.13.-1.-1.-1,1,)
SHIP(,237,"電改",2,30.49,13.49,12.49,28.79,15.49,12.59,10,1,3,0.0.0.0.0,45.89,24.59,7.39,3.13.-1.-1.-1,1,)
SHIP(,238,"初春改",2,30.48,13.49,12.49,28.79,15.49,12.59,10,1,3,0.0.0.0.0,45.89,24.59,7.39,3.14.-1.-1.-1,1,)
SHIP(,239,"子日改",2,30.48,13.49,12.49,28.79,15.49,12.59,10,1,3,0.0.0.0.0,45.89,24.59,7.39,3.14.-1.-1.-1,1,)
SHIP(,240,"若葉改",2,30.48,13.49,12.49,28.79,15.49,12.59,10,1,3,0.0.0.0.0,45.89,24.59,7.39,3.14.-1.-1.-1,1,)
SHIP(,241,"初霜改",2,30.48,13.49,12.49,28.79,15.49,12.59,10,1,3,0.0.0.0.0,45.89,24.59,7.39,3.14.-1.-1.-1,1,)
SHIP(,242,"白露改",2,30.48,14.49,12.49,28.79,15.49,12.59,10,1,3,0.0.0.0.0,45.89,24.59,7.39,3.15.-1.-1.-1,1,)
SHIP(,243,"時雨改",2,30.48,14.49,12.49,28.79,15.49,12.59,10,1,3,0.0.0.0.0,45.89,24.59,7.39,3.15.-1.-1.-1,1,)
SHIP(,244,"村雨改",2,30.48,14.49,12.49,28.79,15.49,12.59,10,1,3,0.0.0.0.0,45.89,24.59,7.39,3.15.-1.-1.-1,1,)
SHIP(,245,"夕立改",2,30.48,14.49,12.49,28.79,15.49,12.59,10,1,3,0.0.0.0.0,45.89,24.59,7.39,3.15.-1.-1.-1,1,)
SHIP(,246,"五月雨改",2,30.48,14.49,12.49,28.79,15.49,12.59,10,1,3,0.0.0.0.0,45.89,24.59,7.39,3.15.-1.-1.-1,1,)
SHIP(,247,"涼風改",2,30.48,14.49,12.49,28.79,15.49,12.59,10,1,3,0.0.0.0.0,45.89,24.59,7.39,3.15.-1.-1.-1,1,)
SHIP(,248,"朝潮改",2,31.49,14.49,12.49,28.79,16.49,12.59,10,1,3,0.0.0.0.0,46.89,24.59,8.39,3.15.-1.-1.-1,1,)
SHIP(,249,"大潮改",2,31.49,14.49,12.49,28.79,16.49,12.59,10,1,3,0.0.0.0.0,46.89,24.59,8.39,3.15.-1.-1.-1,1,)
SHIP(,250,"満潮改",2,31.49,14.49,12.49,28.79,16.49,12.59,10,1,3,0.0.0.0.0,46.89,24.59,8.39,3.15.-1.-1.-1,1,)
SHIP(,251,"荒潮改",2,31.49,14.49,12.49,28.79,16.49,12.59,10,1,3,0.0.0.0.0,46.89,24.59,8.39,3.15.-1.-1.-1,1,)
SHIP(,252,"霰改",2,31.49,14.49,12.49,28.79,16.49,12.59,10,1,3,0.0.0.0.0,46.89,24.59,8.39,3.15.-1.-1.-1,1,)
SHIP(,253,"霞改",2,31.49,14.49,12.49,28.79,16.49,20.79,10,1,3,0.0.0.0.0,46.89,24.59,8.39,3.15.-1.-1.-1,1,)
SHIP(,254,"睦月改",2,24.39,11.39,9.39,18.69,12.39,12.59,10,1,3,0.0.0.0.0,40.89,18.59,6.39,2.13.-1.-1.-1,1,)
SHIP(,255,"如月改",2,24.39,11.39,9.39,18.69,12.39,12.59,10,1,3,0.0.0.0.0,40.89,18.59,6.39,2.13.-1.-1.-1,1,)
SHIP(,256,"皐月改",2,24.39,11.39,9.39,18.69,12.39,12.59,10,1,3,0.0.0.0.0,40.89,18.59,6.39,2.13.-1.-1.-1,1,)
SHIP(,257,"文月改",2,24.39,11.39,9.39,18.69,12.39,12.59,10,1,3,0.0.0.0.0,40.89,18.59,6.39,2.14.-1.-1.-1,1,)
SHIP(,258,"長月改",2,24.39,11.39,9.39,18.69,12.39,20.79,10,1,3,0.0.0.0.0,40.89,18.59,6.39,2.15.-1.-1.-1,1,)
SHIP(,259,"菊月改",2,24.39,11.39,9.39,18.69,12.39,12.59,10,1,3,0.0.0.0.0,40.89,18.59,6.39,2.13.-1.-1.-1,1,)
SHIP(,260,"三日月改",2,24.39,11.39,9.39,18.69,12.39,12.59,10,1,3,0.0.0.0.0,40.89,18.59,6.39,2.13.-1.-1.-1,1,)
SHIP(,261,"望月改",2,24.39,11.39,9.39,18.69,12.39,12.59,10,1,3,0.0.0.0.0,40.89,18.59,6.39,2.13.-1.-1.-1,1,)
SHIP(,262,"古鷹改",5,48.65,32.70,36.70,18.59,18.59,10.59,10,2,4,2.2.2.2.0,38.75,0.0,12.49,6.10.14.-1.-1,1,)
SHIP(,263,"加古改",5,48.65,32.70,36.70,18.59,18.59,10.59,10,2,4,2.2.2.2.0,38.75,0.0,12.49,6.10.14.-1.-1,1,)
SHIP(,264,"青葉改",5,49.65,34.70,36.72,18.59,18.59,30.79,10,2,4,2.2.2.2.0,38.75,0.0,12.49,6.39.14.-1.-1,1,)
SHIP(,265,"妙高改",5,55.69,42.73,48.76,24.79,18.69,10.59,10,2,4,2.2.2.2.0,39.79,0.0,14.49,6.15.25.-1.-1,1,)
SHIP(,266,"那智改",5,55.69,42.73,48.76,24.69,18.69,10.59,10,2,4,2.2.2.2.0,39.79,0.0,14.49,6.10.15.-1.-1,1,)
SHIP(,267,"足柄改",5,55.69,42.73,48.77,24.69,18.69,10.59,10,2,4,2.2.2.2.0,39.79,0.0,14.49,6.10.15.-1.-1,1,)
SHIP(,268,"羽黒改",5,55.69,42.73,48.77,24.69,18.69,10.59,10,2,4,2.2.2.2.0,39.79,0.0,14.49,6.10.15.-1.-1,1,)
SHIP(,269,"高雄改",5,57.69,45.75,48.77,24.79,20.69,10.59,10,2,4,2.2.2.2.0,40.79,0.0,14.49,6.15.25.-1.-1,1,)
SHIP(,270,"愛宕改",5,57.69,45.75,48.77,24.79,20.69,10.59,10,2,4,2.2.2.2.0,40.79,0.0,14.49,6.15.25.-1.-1,1,)
SHIP(,271,"摩耶改",5,55.69,45.75,43.78,24.69,55.89,10.59,10,2,4,2.2.2.2.0,40.79,0.0,14.49,10.30.15.-1.-1,1,)
SHIP(,272,"鳥海改",5,57.69,45.75,48.78,24.69,20.69,10.59,10,2,4,2.2.2.2.0,40.79,0.0,14.49,6.10.15.-1.-1,1,)
SHIP(,273,"利根改",5,56.69,46.77,42.76,24.79,24.79,10.59,10,2,4,4.4.4.4.0,41.79,0.0,24.79,6.15.25.-1.-1,1,)
SHIP(,274,"筑摩改",5,56.69,46.77,42.76,24.79,24.79,10.59,10,2,4,4.4.4.4.0,41.79,0.0,24.79,6.15.25.-1.-1,1,)
SHIP(,275,"長門改",9,90.98,85.98,90.99,0.0,33.99,32.99,5,3,4,3.3.3.3.0,24.69,0.0,15.49,8.8.25.-1.-1,1,)
SHIP(,276,"陸奥改",9,90.98,85.98,90.99,0.0,33.99,6.59,5,3,4,3.3.3.3.0,24.69,0.0,15.49,8.8.25.-1.-1,1,)
SHIP(,277,"赤城改",11,77.92,40.79,0.49,0.0,35.79,12.59,10,1,4,20.20.32.10.0,28.69,0.0,50.89,21.24.16.-1.-1,1,)
SHIP(,278,"加賀改",11,79.92,40.79,0.49,0.0,30.79,12.59,10,1,4,20.20.46.12.0,27.69,0.0,50.89,21.24.16.-1.-1,1,)
SHIP(,279,"蒼龍改",11,65.89,35.69,0.39,0.0,30.79,12.59,10,1,4,18.27.18.10.0,33.69,0.0,46.89,21.24.16.-1.-1,1,)
SHIP(,280,"飛龍改",11,65.89,35.69,0.39,0.0,30.79,40.89,10,1,4,18.27.18.10.0,37.79,0.0,46.89,21.24.16.-1.-1,1,)
SHIP(,281,"龍驤改",7,45.69,25.59,0.29,0.0,20.39,12.59,10,1,4,9.24.5.5.0,27.59,0.0,35.79,21.24.16.-1.-1,1,)
SHIP(,282,"祥鳳改",7,45.69,25.59,0.29,0.0,18.39,12.59,10,1,4,18.12.12.6.0,28.59,0.0,35.79,21.24.16.-1.-1,1,)
SHIP(,283,"飛鷹改",7,50.79,30.59,0.29,0.0,25.69,12.59,5,1,4,18.18.18.12.0,28.69,0.0,40.79,21.24.16.-1.-1,1,)
SHIP(,284,"隼鷹改",7,50.79,30.59,0.29,0.0,25.69,30.79,5,1,4,18.18.18.12.0,28.69,0.0,40.79,21.24.16.-1.-1,1,)
SHIP(,285,"鳳翔改",7,40.59,25.49,0.29,0.0,15.39,30.79,5,1,3,14.16.12.0.0,24.59,0.0,35.79,21.16.-1.-1.-1,1,)
SHIP(,286,"扶桑改",10,75.89,72.89,63.79,0.0,40.89,10.59,5,3,4,10.10.10.10.0,33.67,0.0,18.49,7.26.25.-1.-1,1,)
SHIP(,287,"山城改",10,75.89,72.89,63.79,0.0,40.89,10.59,5,3,4,10.10.10.10.0,33.67,0.0,18.49,7.26.25.-1.-1,1,)
SHIP(,288,"翔鶴改",11,75.90,42.72,0.39,0.0,40.79,12.89,10,1,4,24.24.24.12.0,38.79,0.0,48.89,21.24.51.-1.-1,1,)
SHIP(,289,"鬼怒改",3,41.59,29.59,20.59,24.79,15.59,12.59,10,2,3,1.1.1.0.0,42.79,48.79,10.49,10.39.30.-1.-1,1,)
SHIP(,290,"阿武隈改",3,42.59,29.59,20.59,24.79,15.59,12.59,10,2,3,1.1.1.0.0,44.79,48.79,10.49,10.40.30.-1.-1,1,)
SHIP(,291,"千歳航改",7,57.79,32.64,0.34,0.0,27.69,12.59,10,1,4,24.16.8.8.0,37.69,0.0,42.79,21.16.51.-1.-1,1,)
SHIP(,292,"千代田航改",7,57.79,32.64,0.34,0.0,27.69,12.59,10,1,4,24.16.8.8.0,37.69,0.0,42.79,21.16.51.-1.-1,1,)
SHIP(,293,"夕張改",3,36.49,28.49,23.63,24.79,20.69,17.69,10,2,4,0.0.0.0.0,42.69,24.69,8.44,4.48.40.-1.-1,1,)
SHIP(,294,"舞風改",2,32.49,14.49,12.49,28.79,16.49,12.59,10,1,3,0.0.0.0.0,47.89,27.64,8.39,3.15.-1.-1.-1,1,)
SHIP(,295,"衣笠改",5,49.65,34.64,36.66,18.59,18.59,10.59,10,2,4,2.2.2.2.0,38.75,0.0,12.49,6.39.14.-1.-1,1,)
SHIP(,296,"千歳航改二",7,58.79,32.65,0.34,0.0,30.72,13.59,10,1,4,24.16.11.8.0,38.69,0.0,42.79,21.39.51.-1.-1,1,)
SHIP(,297,"千代田航改二",7,58.79,32.65,0.34,0.0,30.72,13.59,10,1,4,24.16.11.8.0,38.69,0.0,42.79,21.39.51.-1.-1,1,)
SHIP(,300,"初風改",2,32.49,14.49,12.49,28.79,16.49,12.59,10,1,3,0.0.0.0.0,47.89,27.64,8.39,3.15.-1.-1.-1,1,)
SHIP(,301,"秋雲改",2,32.49,14.49,8.44,28.79,22.59,15.59,10,1,3,0.0.0.0.0,47.89,27.64,8.39,15.40.-1.-1.-1,1,)
SHIP(,302,"夕雲改",2,32.49,14.49,12.50,28.80,16.50,12.59,10,1,3,0.0.0.0.0,48.90,29.67,9.42,15.28.-1.-1.-1,1,)
SHIP(,303,"巻雲改",2,32.49,14.49,12.50,28.80,16.50,12.59,10,1,3,0.0.0.0.0,48.90,29.67,9.42,15.47.-1.-1.-1,1,)
SHIP(,304,"長波改",2,32.49,14.49,12.50,28.80,16.50,14.59,10,1,3,0.0.0.0.0,48.90,29.67,9.42,15.47.-1.-1.-1,1,)
SHIP(,305,"阿賀野改",3,45.62,31.69,28.66,24.79,20.72,10.59,10,2,3,2.2.2.0.0,42.80,26.82,14.59,65.28.-1.-1.-1,1,)
SHIP(,306,"能代改",3,45.62,31.69,28.66,24.79,20.72,10.64,10,2,3,2.2.2.0.0,42.80,26.82,14.59,65.28.-1.-1.-1,1,)
SHIP(,307,"矢矧改",3,47.63,32.69,28.68,24.79,22.74,14.69,10,2,3,2.2.2.0.0,43.84,26.82,14.59,65.30.-1.-1.-1,1,)
SHIP(,308,"弥生改",2,24.39,11.39,9.39,18.69,12.39,12.59,10,1,3,0.0.0.0.0,40.89,18.59,6.39,48.13.-1.-1.-1,1,)
SHIP(,309,"卯月改",2,24.39,12.39,7.34,18.69,18.49,14.59,10,1,3,0.0.0.0.0,40.89,21.63,6.39,40.39.27.-1.-1,1,)
SHIP(,310,"Z1改",2,33.59,15.45,11.45,25.70,15.45,12.49,10,1,3,0.0.0.0.0,41.79,36.69,8.42,78.-1.-1.-1.-1,1,)
SHIP(,311,"Z3改",2,33.59,15.45,11.45,25.70,15.45,12.49,10,1,3,0.0.0.0.0,41.79,36.69,8.42,78.-1.-1.-1.-1,1,)
SHIP(,312,"浜風改",2,32.49,14.49,12.48,28.79,22.60,17.59,10,1,3,0.0.0.0.0,46.88,27.64,8.39,40.28.-1.-1.-1,1,)
SHIP(,313,"谷風改",2,32.49,14.49,12.48,28.79,16.49,16.59,10,1,3,0.0.0.0.0,46.88,28.68,8.39,44.46.-1.-1.-1,1,)
SHIP(,314,"酒匂改",3,46.62,31.69,27.64,23.78,19.73,30.74,10,2,3,2.2.2.0.0,41.80,30.84,14.59,-1.-1.-1.-1.-1,1,)
SHIP(,316,"天津風改",2,34.54,14.61,12.49,32.84,23.63,17.69,10,1,3,0.0.0.0.0,50.94,28.59,9.39,15.47.87.-1.-1,1,)
SHIP(,317,"浦風改",2,32.49,14.49,12.48,28.79,16.49,13.59,10,1,3,0.0.0.0.0,46.88,29.69,8.39,91.46.-1.-1.-1,1,)
SHIP(,318,"龍鳳改",7,48.70,24.57,0.32,0.0,28.62,24.79,5,1,4,21.9.9.6.0,30.62,0.0,30.74,21.82.51.-1.-1,1,)
SHIP(,319,"妙高改二",5,56.71,47.78,50.80,36.88,28.80,32.79,10,2,4,2.2.4.4.0,47.85,0.0,19.59,90.90.28.-1.-1,1,)
SHIP(,320,"磯風改",2,33.49,14.49,12.48,28.79,24.64,18.59,10,1,3,0.0.0.0.0,47.88,27.64,9.39,91.44.106.-1.-1,1,)
SHIP(,321,"大淀改",3,47.64,32.68,32.63,0.49,22.74,30.79,10,2,4,0.6.6.0.0,40.78,0.39,28.84,65.107.106.-1.-1,1,)
SHIP(,322,"時津風改",2,32.49,14.49,12.48,28.79,16.49,12.59,10,1,3,0.0.0.0.0,46.88,26.64,8.39,15.91.-1.-1.-1,1,)
SHIP(,323,"春雨改",2,30.49,14.49,12.49,28.79,15.49,12.59,10,1,3,0.0.0.0.0,45.89,24.59,7.39,63.75.-1.-1.-1,1,)
SHIP(,324,"早霜改",2,32.49,14.49,12.50,28.80,16.50,12.59,10,1,3,0.0.0.0.0,48.90,29.67,9.42,28.44.27.-1.-1,1,)
SHIP(,325,"清霜改",2,32.49,14.49,12.50,28.80,16.50,13.59,10,1,3,0.0.0.0.0,48.90,29.67,9.42,28.47.27.-1.-1,1,)
SHIP(,326,"初春改二",2,31.52,14.51,13.52,32.88,23.73,16.59,10,1,3,0.0.0.0.0,48.90,30.69,10.45,-1.-1.-1.-1.-1,1,)
SHIP(,327,"朝雲改",2,31.49,14.49,12.49,28.79,16.49,12.59,10,1,3,0.0.0.0.0,46.89,24.59,8.39,91.44.-1.-1.-1,1,)
SHIP(,328,"山雲改",2,31.49,14.48,12.49,28.79,16.49,11.58,10,1,3,0.0.0.0.0,47.89,28.64,8.39,91.44.-1.-1.-1,1,)
SHIP(,329,"野分改",2,32.49,14.49,12.48,28.79,16.49,13.59,10,1,3,0.0.0.0.0,46.88,28.68,8.39,91.46.-1.-1.-1,1,)
SHIP(,330,"秋月改",2,37.57,16.53,24.57,24.54,80.116,12.69,10,1,3,0.0.0.0.0,48.88,30.72,10.49,122.106.40.-1.-1,1,)
SHIP(,331,"天城",11,48.79,26.51,0.25,0.0,27.72,13.59,10,1,4,18.24.3.6.0,33.59,0.0,38.74,40.10.-1.-1.-1,1,)
SHIP(,332,"葛城",11,48.79,27.52,0.25,0.0,27.72,20.69,10,1,4,18.24.3.6.0,34.59,0.0,36.70,39.40.-1.-1.-1,1,)
SHIP(,334,"U-511改",13,13.18,6.20,3.12,27.64,0.0,34.67,5,1,2,0.0.0.0.0,20.59,0.0,9.29,-1.-1.-1.-1.-1,1,)
SHIP(,343,"香取改",21,40.54,15.39,16.36,14.40,24.48,12.54,5,2,4,2.2.2.2.0,26.52,22.62,12.48,119.40.46.44.-1,1,)
SHIP(,344,"朝霜改",2,33.49,14.49,12.47,28.78,22.62,18.68,10,1,3,0.0.0.0.0,49.92,36.79,11.43,91.47.40.-1.-1,1,)
SHIP(,345,"高波改",2,32.49,14.49,12.50,28.80,16.50,10.57,10,1,3,0.0.0.0.0,48.90,29.67,13.52,129.28.27.-1.-1,1,)
SHIP(,346,"照月改",2,37.57,16.52,24.58,25.56,80.114,11.59,10,1,3,0.0.0.0.0,48.87,30.72,10.49,122.106.40.-1.-1,1,)
SHIP(,347,"Libeccio改",2,29.46,15.50,11.48,27.72,20.59,16.69,10,1,3,0.0.0.0.0,50.92,40.80,10.46,147.147.-1.-1.-1,1,)
SHIP(,348,"瑞穂改",16,42.62,24.48,18.45,15.72,18.44,10.54,5,1,3,12.12.8.0.0,24.42,0.0,38.94,59.41.39.-1.-1,1,)
SHIP(,349,"風雲改",2,32.49,14.49,12.50,29.81,17.51,14.69,10,1,3,0.0.0.0.0,48.90,30.69,9.42,129.28.27.-1.-1,1,)
SHIP(,350,"海風改",2,30.48,14.49,12.49,28.79,16.50,13.64,10,1,3,0.0.0.0.0,46.89,27.63,8.40,63.44.-1.-1.-1,1,)
SHIP(,351,"江風改",2,30.48,14.49,12.49,29.80,15.49,12.59,10,1,3,0.0.0.0.0,46.89,24.59,8.40,63.28.-1.-1.-1,1,)
SHIP(,352,"速吸改",22,48.50,6.19,8.36,0.0,20.48,8.44,5,1,3,6.3.1.0.0,15.33,18.36,28.59,18.146.40.-1.-1,1,)
SHIP(,353,"Graf Zeppelin改",11,78.92,42.80,15.50,0.0,44.80,7.47,10,2,4,30.13.10.3.0,29.69,0.0,46.74,159.64.160.-1.-1,1,)
SHIP(,354,"嵐改",2,32.49,14.49,12.49,28.79,16.49,12.63,10,1,3,0.0.0.0.0,46.87,30.70,8.39,91.45.-1.-1.-1,1,)
SHIP(,355,"萩風改",2,32.49,14.49,13.50,28.79,16.49,12.63,10,1,3,0.0.0.0.0,46.87,28.68,8.39,91.15.-1.-1.-1,1,)
SHIP(,356,"鹿島改",21,40.54,15.39,14.37,13.39,22.62,20.79,5,2,4,2.2.2.2.0,27.54,24.69,10.50,119.74.47.44.-1,1,)
SHIP(,357,"初月改",2,37.57,17.54,25.60,24.54,80.110,8.52,10,1,3,0.0.0.0.0,49.89,30.72,10.49,122.106.40.-1.-1,1,)
SHIP(,358,"Zara改",5,56.68,46.76,42.75,0.40,22.72,12.56,10,3,4,2.2.2.2.0,37.72,0.0,12.46,-1.-1.-1.-1.-1,1,)
SHIP(,359,"沖波改",2,32.49,14.49,12.50,29.81,16.50,12.59,10,1,3,0.0.0.0.0,48.90,32.70,9.42,27.28.40.-1.-1,1,)
SHIP(,398,"伊168改",13,15.19,5.18,3.11,30.69,0.0,10.49,5,1,2,0.0.0.0.0,16.49,0.0,10.29,-1.-1.-1.-1.-1,1,)
SHIP(,399,"伊58改",14,18.24,5.19,3.12,36.84,0.0,50.79,5,1,2,1.1.0.0.0,15.49,0.0,15.39,-1.-1.-1.-1.-1,1,)
SHIP(,400,"伊8改",14,19.25,5.19,4.14,36.84,0.0,25.69,5,1,2,1.1.0.0.0,15.49,0.0,16.39,-1.-1.-1.-1.-1,1,)
SHIP(,401,"伊19改",14,18.24,5.19,3.12,42.89,0.0,13.59,5,1,2,1.1.0.0.0,13.49,0.0,15.39,-1.-1.-1.-1.-1,1,)
SHIP(,402,"まるゆ改",13,7.13,2.11,1.5,0.19,0.0,7.77,5,1,1,0.0.0.0.0,9.29,0.0,1.19,-1.-1.-1.-1.-1,1,)
SHIP(,403,"伊401改",14,24.39,7.24,6.19,40.80,0.0,20.59,5,1,2,3.3.0.0.0,12.44,0.0,15.45,62.-1.-1.-1.-1,1,)
SHIP(,404,"雲龍",11,48.79,26.52,0.27,0.0,28.72,10.49,10,1,4,18.24.3.6.0,32.59,0.0,40.72,40.51.-1.-1.-1,1,)
SHIP(,405,"春雨",2,16.32,6.19,10.29,24.69,9.39,10.49,10,1,2,0.0.0.0.0,43.79,21.49,5.19,2.92.-1.-1.-1,1,)
SHIP(,406,"雲龍改",11,60.84,35.77,0.48,0.0,32.78,12.59,10,1,4,18.21.27.3.0,35.72,0.0,48.82,109.111.112.54.-1,1,)
SHIP(,407,"潮改二",2,33.53,15.55,10.50,25.80,24.74,32.80,10,1,3,0.0.0.0.0,64.94,32.72,11.48,40.39.44.-1.-1,1,)
SHIP(,408,"隼鷹改二",7,55.82,31.62,0.40,0.0,36.74,41.84,5,1,4,24.18.20.4.0,41.84,0.0,44.79,22.106.30.51.-1,1,)
SHIP(,409,"早霜",2,16.34,6.19,10.30,24.69,9.39,11.49,10,1,2,0.0.0.0.0,47.80,27.52,6.19,2.39.-1.-1.-1,1,)
SHIP(,410,"清霜",2,16.34,6.19,10.30,24.69,9.39,12.49,10,1,2,0.0.0.0.0,47.80,27.52,6.19,2.39.-1.-1.-1,1,)
SHIP(,411,"扶桑改二",10,77.94,72.90,80.99,0.0,44.88,13.69,5,3,4,4.4.9.23.0,34.69,0.0,22.59,-1.-1.-1.-1.-1,1,)
SHIP(,412,"山城改二",10,77.94,73.91,80.98,0.0,43.87,14.70,5,3,4,4.4.9.23.0,35.69,0.0,23.59,105.8.74.80.-1,1,)
SHIP(,413,"朝雲",2,16.33,6.19,10.29,24.69,9.39,8.49,10,1,2,0.0.0.0.0,43.79,21.49,5.19,2.14.-1.-1.-1,1,)
SHIP(,414,"山雲",2,16.33,6.19,10.29,24.69,9.39,7.49,10,1,2,0.0.0.0.0,43.79,23.50,5.19,2.14.-1.-1.-1,1,)
SHIP(,415,"野分",2,16.34,6.19,10.29,24.69,12.44,14.49,10,1,2,0.0.0.0.0,44.79,24.49,8.19,2.14.-1.-1.-1,1,)
SHIP(,416,"古鷹改二",5,53.65,34.72,39.77,24.75,22.64,14.64,10,2,4,2.2.2.2.0,39.77,0.0,13.54,90.90.74.-1.-1,1,)
SHIP(,417,"加古改二",5,52.64,33.72,40.78,25.77,24.65,12.62,10,2,4,2.2.2.2.0,38.76,0.0,14.55,90.90.74.39.-1,1,)
SHIP(,418,"皐月改二",2,28.44,12.45,8.42,27.78,40.82,20.79,10,1,3,0.0.0.0.0,60.96,30.81,10.45,131.125.106.-1.-1,1,)
SHIP(,419,"初霜改二",2,31.52,14.51,12.50,28.84,34.79,53.100,10,1,3,0.0.0.0.0,64.94,28.69,11.48,91.106.120.-1.-1,1,)
SHIP(,420,"叢雲改二",2,31.49,14.50,14.55,32.89,27.74,15.57,10,1,3,0.0.0.0.0,50.90,28.69,10.42,91.91.125.-1.-1,1,)
SHIP(,421,"秋月",2,20.40,9.27,16.48,16.48,70.104,10.59,10,1,3,0.0.0.0.0,47.84,27.63,9.29,122.15.39.-1.-1,1,)
SHIP(,422,"照月",2,20.40,9.26,16.49,16.49,70.103,9.49,10,1,3,0.0.0.0.0,47.83,27.63,9.29,122.15.39.-1.-1,1,)
SHIP(,423,"初月",2,20.40,9.28,18.50,15.47,70.101,7.47,10,1,3,0.0.0.0.0,48.85,26.62,8.28,122.15.40.-1.-1,1,)
SHIP(,424,"高波",2,16.34,6.19,10.30,24.69,9.39,8.44,10,1,2,0.0.0.0.0,47.80,27.52,9.24,2.39.-1.-1.-1,1,)
SHIP(,425,"朝霜",2,16.34,6.19,10.29,24.68,9.44,16.59,10,1,2,0.0.0.0.0,47.80,35.64,6.19,2.46.-1.-1.-1,1,)
SHIP(,426,"吹雪改二",2,31.49,14.50,15.59,30.88,35.78,17.77,10,1,3,0.0.0.0.0,49.92,26.68,14.54,125.121.106.-1.-1,1,)
SHIP(,427,"鳥海改二",5,57.72,46.78,55.85,35.86,24.70,19.68,10,2,4,3.3.3.3.0,41.80,0.0,22.62,90.129.74.88.-1,1,)
SHIP(,428,"摩耶改二",5,57.71,48.78,42.77,34.84,72.106,14.64,10,2,4,3.3.3.3.0,42.81,0.0,16.55,90.131.121.10.-1,1,)
SHIP(,429,"天城改",11,60.84,35.76,0.45,0.0,33.79,17.69,10,1,4,18.21.27.3.0,36.73,0.0,46.80,109.111.112.51.-1,1,)
SHIP(,430,"葛城改",11,60.84,36.78,0.45,0.0,32.78,30.79,10,1,4,18.21.27.3.0,37.75,0.0,44.78,109.113.39.51.-1,1,)
SHIP(,431,"U-511",13,8.16,4.16,2.8,22.58,0.0,30.63,5,1,1,0.0.0.0.0,18.44,0.0,8.28,126.-1.-1.-1.-1,1,)
SHIP(,432,"Graf Zeppelin",11,70.89,29.57,10.40,0.0,40.70,4.39,10,2,3,20.13.10.0.0,29.49,0.0,40.69,158.160.-1.-1.-1,1,)
SHIP(,434,"睦月改二",2,27.43,12.43,10.45,28.79,16.56,14.64,10,1,3,0.0.0.0.0,51.90,28.69,9.43,91.125.34.-1.-1,1,)
SHIP(,435,"如月改二",2,27.43,12.43,10.46,28.80,18.57,13.60,10,1,3,0.0.0.0.0,50.91,27.69,10.44,91.125.34.-1.-1,1,)
SHIP(,436,"呂500",13,13.19,7.21,4.13,30.69,0.0,44.77,5,1,2,0.0.0.0.0,24.68,0.0,12.34,127.-1.-1.-1.-1,1,)
SHIP(,437,"暁改二",2,31.50,14.50,14.60,32.90,19.59,15.67,10,1,3,0.0.0.0.0,46.89,28.66,17.60,91.74.125.-1.-1,1,)
SHIP(,441,"Littorio",8,88.94,72.86,78.97,0.0,40.72,20.69,10,4,4,3.3.3.3.0,28.54,0.0,15.44,133.134.136.-1.-1,1,)
SHIP(,442,"Roma",8,88.94,71.85,79.98,0.0,44.74,6.39,10,4,4,3.3.3.3.0,27.52,0.0,17.46,133.134.136.-1.-1,1,)
SHIP(,443,"Libeccio",2,15.30,7.18,9.27,22.58,11.41,12.59,10,1,2,0.0.0.0.0,48.82,30.60,7.20,147.-1.-1.-1.-1,1,)
SHIP(,445,"秋津洲",16,32.44,9.25,6.18,0.0,12.36,12.59,5,1,2,1.1.0.0.0,32.57,0.0,22.42,10.39.-1.-1.-1,1,)
SHIP(,446,"Italia",8,92.98,77.92,81.102,0.0,44.90,30.79,10,4,4,3.3.3.3.0,35.76,0.0,17.52,137.134.135.-1.-1,1,)
SHIP(,447,"Roma改",8,92.98,76.90,82.105,0.0,46.94,8.57,10,4,4,3.3.3.3.0,32.71,0.0,17.52,137.134.135.-1.-1,1,)
SHIP(,448,"Zara",5,42.55,36.52,36.58,0.28,18.62,10.48,10,3,3,2.2.2.0.0,33.59,0.0,10.36,162.-1.-1.-1.-1,1,)
SHIP(,450,"秋津洲改",16,36.48,13.42,8.28,0.0,16.44,14.72,5,1,3,1.1.1.0.0,35.64,0.0,24.54,138.40.-1.-1.-1,1,)
SHIP(,451,"瑞穂",16,41.59,19.42,12.36,0.32,16.32,8.39,5,1,2,12.12.0.0.0,19.37,0.0,36.74,10.59.-1.-1.-1,1,)
SHIP(,452,"沖波",2,16.34,6.19,10.30,24.69,9.38,10.49,10,1,2,0.0.0.0.0,47.80,28.53,7.21,2.39.-1.-1.-1,1,)
SHIP(,453,"風雲",2,16.34,6.19,10.30,25.70,10.40,13.54,10,1,2,0.0.0.0.0,47.80,27.52,6.19,2.39.-1.-1.-1,1,)
SHIP(,454,"嵐",2,16.34,6.19,10.29,24.69,9.39,11.49,10,1,2,0.0.0.0.0,44.79,28.62,6.19,2.44.-1.-1.-1,1,)
SHIP(,455,"萩風",2,16.34,6.19,11.30,24.69,9.39,11.49,10,1,2,0.0.0.0.0,44.79,26.59,6.19,2.39.-1.-1.-1,1,)
SHIP(,458,"海風",2,16.32,6.19,10.29,24.69,10.40,10.49,10,1,2,0.0.0.0.0,44.79,23.50,6.19,2.-1.-1.-1.-1,1,)
SHIP(,459,"江風",2,16.32,6.19,10.29,25.70,9.39,10.49,10,1,2,0.0.0.0.0,44.79,21.49,6.19,2.-1.-1.-1.-1,1,)
SHIP(,460,"速吸",22,43.50,3.15,4.22,0.0,10.32,7.39,5,1,2,6.1.0.0.0,9.28,5.20,15.40,26.146.-1.-1.-1,1,)
SHIP(,461,"翔鶴改二",11,77.93,43.77,0.63,0.0,48.88,20.97,10,2,4,27.27.27.12.0,39.84,0.0,53.93,-1.-1.-1.-1.-1,1,)
SHIP(,462,"瑞鶴改二",11,78.93,44.78,0.56,0.0,54.90,50.99,10,2,4,28.26.26.13.0,48.89,0.0,52.92,-1.-1.-1.-1.-1,1,)
SHIP(,464,"霞改二",2,31.53,14.50,16.63,33.92,24.72,37.97,10,1,3,0.0.0.0.0,52.90,28.68,14.54,-1.-1.-1.-1.-1,1,)
SHIP(,465,"鹿島",21,36.48,9.27,13.27,11.24,15.46,20.69,5,2,3,1.1.1.0.0,25.51,13.43,9.36,119.10.44.-1.-1,1,)
SHIP(,466,"翔鶴改二甲",18,78.94,49.83,0.70,0.0,48.88,20.97,10,2,4,34.21.12.9.0,36.81,0.0,50.90,-1.-1.-1.-1.-1,1,)
SHIP(,467,"瑞鶴改二甲",18,79.94,49.84,0.65,0.0,54.90,50.99,10,2,4,34.24.12.6.0,44.85,0.0,50.90,-1.-1.-1.-1.-1,1,)
SHIP(,470,"霞改二乙",2,31.53,15.52,12.59,30.83,32.80,37.97,10,1,3,0.0.0.0.0,56.92,28.68,15.55,-1.-1.-1.-1.-1,1,)
SHIP(,501,"駆逐イ級",2,20.20,5.5,5.5,15.15,6.6,1.1,10,1,2,0.0.0.0.0,14.14,25.25,3.3,501.-1.-1.-1.-1,0,)
SHIP(,502,"駆逐ロ級",2,22.22,6.6,7.7,16.16,7.7,1.1,10,1,2,0.0.0.0.0,15.15,25.25,3.3,502.-1.-1.-1.-1,0,)
SHIP(,503,"駆逐ハ級",2,24.24,7.7,6.6,16.16,6.6,1.1,10,1,2,0.0.0.0.0,16.16,30.30,4.4,502.513.-1.-1.-1,0,)
SHIP(,504,"駆逐ニ級",2,28.28,9.9,8.8,24.24,8.8,5.5,10,1,2,0.0.0.0.0,18.18,35.35,4.4,502.513.-1.-1.-1,0,)
SHIP(,505,"軽巡ホ級",3,33.33,15.15,14.14,24.24,10.10,1.1,10,2,2,1.1.0.0.0,15.15,30.30,6.6,504.525.-1.-1.-1,0,)
SHIP(,506,"軽巡ヘ級",3,36.36,18.18,16.16,28.28,12.12,1.1,10,2,2,1.1.0.0.0,15.15,40.40,6.6,506.525.-1.-1.-1,0,)
SHIP(,507,"軽巡ト級",3,39.39,20.20,24.24,28.28,12.12,5.5,10,2,3,2.2.2.0.0,15.15,50.50,6.6,506.513.525.-1.-1,0,)
SHIP(,508,"雷巡チ級",4,48.48,22.22,18.18,48.48,10.10,5.5,10,2,3,2.2.2.0.0,18.18,30.30,4.4,504.513.513.-1.-1,0,)
SHIP(,509,"重巡リ級",5,58.58,28.28,32.32,32.32,16.16,1.1,10,2,3,3.3.3.0.0,12.12,0.0,10.10,505.513.525.-1.-1,0,)
SHIP(,510,"軽母ヌ級",7,65.65,25.25,0.0,0.0,15.15,1.1,5,1,3,18.18.18.0.0,3.3,0.0,30.30,519.523.516.-1.-1,0,)
SHIP(,511,"戦艦ル級",9,90.90,70.70,65.65,0.0,70.70,5.5,5,3,3,3.3.3.0.0,3.3,0.0,20.20,509.512.525.-1.-1,0,)
SHIP(,512,"空母ヲ級",11,85.85,40.40,0.0,0.0,30.30,1.1,10,1,3,27.27.27.0.0,3.3,0.0,40.40,519.523.516.-1.-1,0,)
SHIP(,513,"輸送ワ級",15,70.70,10.10,0.0,0.0,0.0,1.1,5,1,0,0.0.0.0.0,1.1,0.0,0.0,-1.-1.-1.-1.-1,0,)
SHIP(,514,"駆逐イ級elite",2,30.30,12.12,15.15,32.32,10.10,10.10,10,1,2,0.0.0.0.0,30.30,35.35,6.6,501.514.-1.-1.-1,0,)
SHIP(,515,"駆逐ロ級elite",2,35.35,14.14,20.20,32.32,12.12,10.10,10,1,2,0.0.0.0.0,30.30,35.35,6.6,502.514.-1.-1.-1,0,)
SHIP(,516,"駆逐ハ級elite",2,40.40,16.16,15.15,32.32,14.14,10.10,10,1,2,0.0.0.0.0,35.35,40.40,7.7,502.515.-1.-1.-1,0,)
SHIP(,517,"駆逐ニ級elite",2,45.45,18.18,20.20,40.40,18.18,10.10,10,1,2,0.0.0.0.0,40.40,45.45,7.7,502.515.-1.-1.-1,0,)
SHIP(,518,"軽巡ホ級elite",3,48.48,30.30,30.30,40.40,20.20,10.10,10,2,2,1.1.0.0.0,24.24,40.40,6.6,504.525.-1.-1.-1,0,)
SHIP(,519,"軽巡ヘ級elite",3,52.52,32.32,34.34,48.48,23.23,10.10,10,2,2,1.1.0.0.0,26.26,45.45,6.6,506.525.-1.-1.-1,0,)
SHIP(,520,"軽巡ト級elite",3,55.55,36.36,36.36,48.48,24.24,10.10,10,2,3,2.2.2.0.0,28.28,50.50,6.6,506.513.525.-1.-1,0,)
SHIP(,521,"雷巡チ級elite",4,50.50,34.34,35.35,72.72,20.20,10.10,10,2,3,2.2.2.0.0,30.30,40.40,10.10,506.514.514.-1.-1,0,)
SHIP(,522,"重巡リ級elite",5,60.60,60.60,58.58,42.42,30.30,10.10,10,2,4,3.3.3.3.0,20.20,0.0,15.15,505.506.525.525.-1,0,)
SHIP(,523,"軽母ヌ級elite",7,70.70,35.35,0.0,0.0,15.15,10.10,5,1,3,24.24.24.0.0,10.10,0.0,30.30,520.523.516.-1.-1,0,)
SHIP(,524,"戦艦ル級elite",9,90.90,85.85,85.85,0.0,70.70,10.10,5,3,4,3.3.3.3.0,16.16,0.0,20.20,509.509.512.528.-1,0,)
SHIP(,525,"空母ヲ級elite",11,88.88,55.55,0.0,0.0,40.40,10.10,10,1,3,30.30.30.0.0,12.12,0.0,50.50,520.517.524.-1.-1,0,)
SHIP(,526,"輸送ワ級elite",15,80.80,35.35,15.15,0.0,0.0,10.10,5,1,3,0.0.0.0.0,6.6,0.0,0.0,501.503.503.-1.-1,0,)
SHIP(,527,"重巡リ級flagship",5,76.76,70.70,68.68,48.48,40.40,20.20,10,2,4,4.4.4.4.0,50.50,0.0,20.20,505.506.515.525.-1,0,)
SHIP(,528,"空母ヲ級flagship",11,96.96,80.80,25.25,0.0,50.50,20.20,10,1,3,32.32.32.0.0,45.45,0.0,50.50,520.517.524.-1.-1,0,)
SHIP(,529,"戦艦ル級flagship",9,98.98,99.99,90.90,0.0,80.80,20.20,5,3,4,5.5.5.5.0,40.40,0.0,30.30,509.509.525.528.-1,0,)
SHIP(,530,"潜水カ級",13,19.19,7.7,0.0,42.42,0.0,1.1,5,1,2,0.0.0.0.0,1.1,0.0,6.6,513.513.-1.-1.-1,0,)
SHIP(,531,"潜水ヨ級",13,24.24,9.9,0.0,52.52,0.0,5.5,5,1,2,0.0.0.0.0,1.1,0.0,7.7,514.514.-1.-1.-1,0,)
SHIP(,532,"潜水カ級elite",13,27.27,21.21,0.0,64.64,0.0,10.10,5,1,3,0.0.0.0.0,5.5,0.0,8.8,515.513.513.-1.-1,0,)
SHIP(,533,"潜水ヨ級elite",13,34.34,27.27,0.0,74.74,0.0,10.10,5,1,3,0.0.0.0.0,5.5,0.0,9.9,515.514.514.-1.-1,0,)
SHIP(,534,"潜水カ級flagship",13,37.37,30.30,0.0,86.86,0.0,20.20,5,1,3,0.0.0.0.0,10.10,0.0,10.10,515.515.513.-1.-1,0,)
SHIP(,535,"潜水ヨ級flagship",13,44.44,36.36,0.0,96.96,0.0,20.20,5,1,3,0.0.0.0.0,10.10,0.0,10.10,515.515.514.-1.-1,0,)
SHIP(,536,"浮遊要塞",5,88.88,40.40,50.50,40.40,20.20,1.1,10,2,3,30.30.30.0.0,5.5,0.0,10.10,505.520.517.-1.-1,0,)
SHIP(,537,"浮遊要塞",5,88.88,40.40,50.50,40.40,20.20,1.1,10,2,3,30.30.30.0.0,5.5,0.0,10.10,505.520.517.-1.-1,0,)
SHIP(,538,"浮遊要塞",5,88.88,40.40,50.50,40.40,20.20,1.1,10,2,3,30.30.30.0.0,5.5,0.0,10.10,505.520.517.-1.-1,0,)
SHIP(,539,"泊地棲鬼",5,180.180,80.80,90.90,60.60,70.70,30.30,5,2,3,60.60.60.0.0,10.10,0.0,70.70,536.520.524.-1.-1,0,)
SHIP(,540,"泊地棲姫",5,300.300,90.90,96.96,90.90,80.80,40.40,5,2,3,60.60.60.0.0,20.20,0.0,80.80,536.520.524.-1.-1,0,)
SHIP(,541,"戦艦タ級",8,84.84,80.80,60.60,0.0,60.60,10.10,10,3,4,4.4.4.4.0,20.20,0.0,25.25,508.508.512.525.-1,0,)
SHIP(,542,"戦艦タ級elite",8,88.88,88.88,75.75,0.0,65.65,20.20,10,3,4,4.4.4.4.0,40.40,0.0,30.30,509.508.512.528.-1,0,)
SHIP(,543,"戦艦タ級flagship",8,90.90,96.96,85.85,0.0,70.70,30.30,10,3,4,4.4.4.4.0,55.55,0.0,35.35,509.509.525.529.-1,0,)
SHIP(,544,"装甲空母鬼",10,150.150,80.80,70.70,80.80,60.60,10.10,10,3,3,80.80.0.0.0,10.10,0.0,70.70,520.524.508.-1.-1,0,)
SHIP(,545,"装甲空母姫",10,270.270,90.90,90.90,90.90,70.70,20.20,10,3,3,96.96.0.0.0,20.20,0.0,80.80,520.517.508.-1.-1,0,)
SHIP(,546,"南方棲鬼",5,180.180,90.90,90.90,80.80,70.70,30.30,5,2,3,0.0.50.0.0,20.20,0.0,70.70,509.505.520.-1.-1,0,)
SHIP(,547,"南方棲戦鬼",6,240.240,10.10,120.120,90.90,80.80,40.40,5,2,3,0.70.70.0.0,25.25,0.0,80.80,509.520.524.-1.-1,0,)
SHIP(,548,"南方棲戦姫",5,350.350,120.120,160.160,100.100,80.80,50.50,5,2,3,0.0.90.0.0,30.30,0.0,90.90,509.509.520.-1.-1,0,)
SHIP(,549,"護衛要塞(A)",5,66.66,50.50,55.55,45.45,20.20,1.1,10,2,3,0.35.35.0.0,5.5,0.0,10.10,505.520.524.-1.-1,0,)
SHIP(,550,"護衛要塞(B)",5,66.66,50.50,55.55,45.45,20.20,1.1,10,2,3,0.35.35.0.0,5.5,0.0,10.10,505.520.517.-1.-1,0,)
SHIP(,551,"護衛要塞(C)",5,66.66,50.50,55.55,45.45,20.20,1.1,10,2,3,0.35.35.0.0,5.5,0.0,10.10,505.520.517.-1.-1,0,)
SHIP(,552,"駆逐ロ級flagship",2,43.43,24.24,33.33,60.60,24.24,20.20,10,1,3,0.0.0.0.0,52.52,55.55,10.10,502.515.542.-1.-1,0,)
SHIP(,553,"駆逐ハ級flagship",2,47.47,27.27,30.30,60.60,24.24,20.20,10,1,3,0.0.0.0.0,54.54,60.60,12.12,502.515.542.-1.-1,0,)
SHIP(,554,"軽巡ホ級flagship",3,53.53,36.36,42.42,72.72,27.27,20.20,10,2,3,2.2.2.2.0,44.44,70.70,20.20,504.542.543.-1.-1,0,)
SHIP(,555,"軽巡ヘ級flagship",3,57.57,39.39,48.48,80.80,30.30,20.20,10,2,4,2.2.2.2.0,46.46,80.80,24.24,506.525.542.543.-1,0,)
SHIP(,556,"飛行場姫",12,500.500,140.140,70.70,0.0,120.120,10.10,0,2,4,98.98.98.98.0,1.1,0.0,90.90,520.520.524.517.-1,0,)
SHIP(,557,"戦艦棲姫",9,400.400,160.160,180.180,0.0,80.80,40.40,5,3,4,0.0.0.0.0,30.30,0.0,70.70,509.509.512.529.-1,0,)
SHIP(,558,"輸送ワ級flagship",15,130.130,65.65,55.55,0.0,40.40,20.20,5,1,3,0.0.0.0.0,10.10,0.0,10.10,506.504.504.-1.-1,0,)
SHIP(,559,"雷巡チ級flagship",4,70.70,60.60,50.50,120.120,30.30,30.30,10,2,3,1.1.1.0.0,55.55,50.50,15.15,506.515.515.-1.-1,0,)
SHIP(,560,"軽母ヌ級flagship",7,84.84,70.70,18.18,0.0,36.36,30.30,5,1,4,22.22.22.22.0,40.40,0.0,40.40,520.524.524.517.-1,0,)
SHIP(,561,"戦艦レ級",10,180.180,110.110,90.90,100.100,80.80,60.60,10,3,4,0.0.0.140.0,45.45,90.90,50.50,509.512.515.546.-1,0,)
SHIP(,562,"戦艦レ級elite",10,270.270,130.130,130.130,120.120,100.100,70.70,10,3,4,0.0.0.180.0,50.50,100.100,70.70,509.512.541.546.-1,0,)
SHIP(,564,"駆逐イ級flagship",2,39.39,24.24,32.32,60.60,24.24,30.30,10,1,3,0.0.0.0.0,60.60,82.82,10.10,531.545.542.-1.-1,0,)
SHIP(,565,"空母ヲ級改flagship",11,160.160,120.120,40.40,0.0,90.90,30.30,10,1,4,36.36.36.36.0,50.50,0.0,60.60,521.524.518.518.-1,0,)
SHIP(,566,"重巡リ級改flagship",5,88.88,80.80,88.88,80.80,58.58,40.40,10,2,4,4.4.4.4.0,57.57,0.0,30.30,505.505.515.526.-1,0,)
SHIP(,567,"戦艦ル級改flagship",9,130.130,110.110,110.110,0.0,88.88,50.50,5,3,4,5.5.5.5.0,43.43,0.0,36.36,509.509.529.526.-1,0,)
SHIP(,570,"潜水ソ級",13,33.33,15.15,24.24,70.70,0.0,15.15,5,1,2,0.0.0.0.0,5.5,0.0,10.10,515.503.-1.-1.-1,0,)
SHIP(,571,"潜水ソ級elite",13,45.45,30.30,30.30,100.100,0.0,30.30,5,1,3,0.0.0.0.0,10.10,0.0,15.15,515.515.503.-1.-1,0,)
SHIP(,572,"潜水ソ級flagship",13,48.48,42.42,30.30,135.135,0.0,45.45,5,1,3,0.0.0.0.0,15.15,0.0,18.18,515.515.515.-1.-1,0,)
SHIP(,573,"港湾棲姫",12,380.380,135.135,100.100,0.0,150.150,20.20,0,2,4,80.80.80.80.0,1.1,0.0,100.100,521.524.517.517.-1,0,)
SHIP(,574,"離島棲鬼",12,450.450,150.150,150.150,0.0,100.100,50.50,0,2,4,90.90.90.90.0,10.10,0.0,80.80,521.524.518.518.-1,0,)
SHIP(,575,"駆逐イ級後期型",2,35.35,22.22,38.38,60.60,30.30,30.30,10,1,3,0.0.0.0.0,48.48,72.72,20.20,502.545.542.-1.-1,0,)
SHIP(,576,"駆逐ロ級後期型",2,37.37,26.26,38.38,66.66,32.32,36.36,10,1,3,0.0.0.0.0,52.52,80.80,20.20,502.545.542.-1.-1,0,)
SHIP(,577,"駆逐ハ級後期型",2,38.38,29.29,44.44,72.72,36.36,42.42,10,1,3,0.0.0.0.0,56.56,80.80,24.24,502.515.542.-1.-1,0,)
SHIP(,578,"駆逐ニ級後期型",2,40.40,33.33,48.48,84.84,38.38,48.48,10,1,3,0.0.0.0.0,66.66,88.88,28.28,502.515.542.-1.-1,0,)
SHIP(,579,"空母ヲ級flagship",11,96.96,80.80,25.25,0.0,50.50,30.30,10,1,3,32.32.27.5.0,45.45,0.0,50.50,547.548.549.549.-1,0,)
SHIP(,581,"北方棲姫(14夏削り)",12,360.360,135.135,90.90,0.0,130.130,40.40,0,2,4,0.72.64.36.0,10.10,0.0,80.80,504.521.548.517.-1,0,)
SHIP(,582,"北方棲姫(14夏最終)",12,500.500,145.145,170.170,0.0,160.160,50.50,0,2,4,0.72.80.40.0,20.20,0.0,100.100,504.547.548.549.-1,0,)
SHIP(,583,"中間棲姫",12,550.550,135.135,100.100,0.0,140.140,50.50,0,3,5,0.64.58.58.0,15.15,0.0,100.100,505.547.548.549.-1,0,)
SHIP(,584,"中間棲姫",12,600.600,180.180,180.180,0.0,180.180,60.60,0,3,5,0.84.96.0.0,30.30,0.0,130.130,505.547.548.532.-1,0,)
SHIP(,585,"空母棲鬼",11,250.250,138.138,120.120,0.0,100.100,50.50,10,1,4,48.48.48.0.0,46.46,0.0,100.100,547.548.549.532.-1,0,)
SHIP(,586,"空母棲姫",11,350.350,150.150,180.180,0.0,130.130,70.70,10,1,4,60.52.56.0.0,53.53,0.0,130.130,547.548.549.532.-1,0,)
SHIP(,587,"北方棲姫(3-5削り)",12,300.300,125.125,80.80,0.0,120.120,40.40,0,2,4,0.72.64.36.0,15.15,0.0,80.80,504.521.548.517.-1,0,)
SHIP(,588,"北方棲姫(3-5最終)",12,390.390,140.140,140.140,0.0,140.140,50.50,0,2,4,0.72.72.40.0,25.25,0.0,100.100,504.547.548.549.-1,0,)
SHIP(,589,"北方棲姫(3-5削り弱)",12,300.300,110.110,60.60,0.0,100.100,35.35,0,2,4,0.64.48.36.0,5.5,0.0,80.80,504.521.548.517.-1,0,)
SHIP(,590,"北方棲姫(3-5最終弱)",12,390.390,125.125,140.140,0.0,120.120,40.40,0,2,4,0.64.68.40.0,15.15,0.0,100.100,504.547.548.549.-1,0,)
SHIP(,591,"軽巡ツ級",3,48.48,55.55,58.58,84.84,88.88,55.55,10,2,4,0.0.3.3.0,69.69,96.96,48.48,550.550.545.525.-1,0,)
SHIP(,592,"軽巡ツ級elite",3,66.66,68.68,64.64,92.92,96.96,66.66,10,2,4,0.0.3.3.0,74.74,98.98,58.58,550.550.545.525.-1,0,)
SHIP(,594,"重巡ネ級",5,80.80,82.82,73.73,66.66,72.72,60.60,10,2,4,0.0.0.4.0,null,0.0,null,505.505.515.525.-1,0 checked,)
SHIP(,595,"重巡ネ級elite",5,88.88,89.89,79.79,74.74,79.79,70.70,10,2,4,0.0.0.4.0,null,0.0,null,505.505.515.525.-1,0 checked,)
SHIP(,597,"駆逐棲姫(削り)",2,150.150,100.100,59.59,90.90,60.60,70.70,10,1,3,0.0.0.0.0,null,null,null,502.502.515.-1.-1,0 checked,)
SHIP(,598,"駆逐棲姫(最終)",2,190.190,115.115,69.69,90.90,60.60,80.80,10,1,3,0.0.0.0.0,null,null,null,502.502.515.-1.-1,0 checked,)
SHIP(,599,"空母水鬼",11,370.370,170.170,140.140,0.0,110.110,70.70,10,1,4,66.60.60.0.0,null,0.0,null,547.548.549.532.-1,0 checked,)
SHIP(,600,"空母水鬼",11,390.390,190.190,190.190,0.0,140.140,70.70,10,1,4,66.60.60.0.0,null,0.0,null,547.548.549.532.-1,0 checked,)
SHIP(,601,"軽巡棲鬼(削り)",3,210.210,135.135,59.59,88.88,60.60,70.70,10,2,4,0.0.0.3.0,null,null,null,506.506.529.525.-1,0 checked,)
SHIP(,602,"軽巡棲鬼(最終)",3,270.270,170.170,69.69,98.98,60.60,90.90,10,2,4,0.0.0.3.0,null,null,null,506.506.529.525.-1,0 checked,)
SHIP(,603,"戦艦水鬼",9,415.415,168.168,188.188,0.0,88.88,60.60,5,3,4,0.0.0.6.0,null,0.0,null,551.551.529.525.-1,0 checked,)
SHIP(,604,"戦艦水鬼",9,500.500,200.200,198.198,0.0,96.96,90.90,5,3,4,0.0.0.6.0,null,0.0,null,551.551.529.525.-1,0 checked,)
SHIP(,605,"港湾水鬼",12,450.450,120.120,120.120,0.0,100.100,60.60,0,3,4,0.0.90.90.0,null,null,null,551.551.547.548.-1,0 checked,)
SHIP(,606,"港湾水鬼",12,450.450,140.140,130.130,0.0,120.120,65.65,0,3,4,0.0.108.108.0,null,null,null,551.551.547.548.-1,0 checked,)
SHIP(,607,"港湾水鬼",12,500.500,140.140,140.140,0.0,140.140,70.70,0,3,4,0.0.108.108.0,null,null,null,551.551.547.548.-1,0 checked,)
SHIP(,608,"港湾水鬼",12,500.500,160.160,160.160,0.0,160.160,75.75,0,3,4,0.0.130.130.0,null,null,null,551.551.547.548.-1,0 checked,)
SHIP(,609,"泊地水鬼",12,330.330,200.200,120.120,0.0,80.80,70.70,0,3,4,0.0.0.120.0,null,null,null,536.508.508.548.-1,0 checked,)
SHIP(,610,"泊地水鬼",12,330.330,220.220,130.130,0.0,90.90,75.75,0,3,4,0.0.0.140.0,null,null,null,536.508.508.548.-1,0 checked,)
SHIP(,611,"泊地水鬼",12,430.430,220.220,140.140,0.0,100.100,80.80,0,3,4,0.0.0.160.0,null,null,null,536.551.551.548.-1,0 checked,)
SHIP(,612,"泊地水鬼",12,430.430,240.240,150.150,0.0,110.110,85.85,0,3,4,0.0.0.180.0,null,null,null,536.551.551.548.-1,0 checked,)
SHIP(,613,"港湾棲姫",12,490.490,177.177,180.180,0.0,170.170,65.65,0,3,4,0.0.0.180.0,null,0.0,100,552.552.536.549.-1,0 checked,)
SHIP(,614,"空母ヲ級flagship",11,96.96,80.80,25.25,0.0,50.50,30.30,10,1,3,32.32.27.5.0,45.45,0.0,50.50,556.548.558.549.-1,0,)
SHIP(,615,"空母ヲ級flagship",11,96.96,80.80,25.25,0.0,50.50,30.30,10,1,3,32.32.27.5.0,45.45,0.0,50.50,556.557.558.558.-1,0,)
SHIP(,616,"空母ヲ級改flagship",11,160.160,120.120,40.40,0.0,90.90,30.30,10,1,3,36.36.36.36.0,50.50,0.0,60.60,547.548.549.549.-1,0,)
SHIP(,617,"空母ヲ級改flagship",11,160.160,120.120,40.40,0.0,90.90,30.30,10,1,3,36.36.36.36.0,50.50,0.0,60.60,556.548.558.549.-1,0,)
SHIP(,618,"空母ヲ級改flagship",11,160.160,120.120,40.40,0.0,90.90,30.30,10,1,3,36.36.36.36.0,50.50,0.0,60.60,556.557.558.558.-1,0,)
SHIP(,619,"空母棲鬼(強)",11,250.250,138.138,120.120,0.0,100.100,50.50,10,1,4,48.48.48.0.0,null,0.0,null,556.557.558.532.-1,0 checked,)
SHIP(,620,"空母棲姫(強)",11,350.350,150.150,180.180,0.0,130.130,70.70,10,1,4,60.52.56.0.0,null,0.0,null,556.557.558.532.-1,0 checked,)
SHIP(,621,"駆逐イ級後期型elite",2,39.39,30.30,48.48,76.76,40.40,null,10,1,3,0.0.0.0.0,null,null,null,502.502.559.-1.-1,0 checked,)
SHIP(,622,"駆逐ロ級後期型elite",2,43.43,36.36,58.58,88.88,44.44,null,10,1,3,0.0.0.0.0,null,null,null,502.502.559.-1.-1,0 checked,)
SHIP(,623,"駆逐ハ級後期型elite",2,46.46,36.36,58.58,76.76,48.48,null,10,1,3,0.0.0.0.0,null,null,null,502.559.544.-1.-1,0 checked,)
SHIP(,624,"駆逐ニ級後期型elite",2,49.49,48.48,64.64,98.98,48.48,null,10,1,3,0.0.0.0.0,null,null,null,502.502.559.-1.-1,0 checked,)
SHIP(,625,"水母棲姫",16,350.350,150.150,75.75,88.88,70.70,null,5,1,4,0.0.0.32.0,null,null,null,550.550.541.554.-1,0 checked,)
SHIP(,626,"水母棲姫",16,350.350,175.175,95.95,98.98,80.80,null,5,1,4,0.0.0.64.0,null,null,null,550.550.541.555.-1,0 checked,)
SHIP(,627,"水母棲姫",16,350.350,195.195,115.115,98.98,90.90,null,5,1,4,0.0.0.96.0,null,null,null,550.550.541.555.-1,0 checked,)
SHIP(,628,"防空棲姫",2,255.255,273.273,130.130,85.85,300.300,null,10,1,3,0.0.0.0.0,null,null,null,553.553.559.-1.-1,0 checked,)
SHIP(,629,"防空棲姫",2,255.255,303.303,160.160,90.90,360.360,null,10,1,3,0.0.0.0.0,null,null,null,553.553.559.-1.-1,0 checked,)
SHIP(,630,"防空棲姫",2,255.255,333.333,190.190,95.95,390.390,null,10,1,3,0.0.0.0.0,null,null,null,553.553.531.-1.-1,0 checked,)
SHIP(,631,"飛行場姫",12,500.500,160.160,85.85,0.0,120.120,null,0,1,4,98.98.98.98.0,null,0.0,null,556.548.558.549.-1,0 checked,)
SHIP(,632,"飛行場姫",12,500.500,175.175,90.90,0.0,130.130,null,0,1,4,98.98.98.98.0,null,0.0,null,556.557.558.549.-1,0 checked,)
SHIP(,633,"飛行場姫",12,500.500,190.190,95.95,0.0,140.140,null,0,1,4,98.98.98.98.0,null,0.0,null,556.557.558.558.-1,0 checked,)
SHIP(,634,"離島棲鬼",12,450.450,155.155,150.150,0.0,100.100,null,0,1,4,90.90.90.90.0,null,0.0,null,556.557.548.549.-1,0 checked,)
SHIP(,635,"離島棲鬼",12,450.450,170.170,165.165,0.0,110.110,null,0,1,4,90.90.90.90.0,null,0.0,null,556.548.558.549.-1,0 checked,)
SHIP(,636,"離島棲鬼",12,450.450,185.185,180.180,0.0,120.120,null,0,1,4,90.90.90.90.0,null,0.0,null,556.557.558.558.-1,0 checked,)
SHIP(,637,"PT小鬼群",1,9.9,19.19,9.9,88.88,12.12,null,10,1,2,0.0.0.0.0,null,null,null,515.-1.-1.-1.-1,0 checked,)
SHIP(,638,"PT小鬼群",1,9.9,29.29,9.9,98.98,18.18,null,10,1,2,0.0.0.0.0,null,null,null,515.515.-1.-1.-1,0 checked,)
SHIP(,639,"PT小鬼群",1,15.15,29.29,15.15,98.98,18.18,null,10,1,2,0.0.0.0.0,null,null,null,515.515.-1.-1.-1,0 checked,)
SHIP(,640,"PT小鬼群",1,18.18,39.39,18.18,118.118,24.24,null,10,1,2,0.0.0.0.0,null,null,null,515.515.-1.-1.-1,0 checked,)
SHIP(,641,"軽巡棲姫",3,230.230,145.145,64.64,93.93,50.50,null,10,2,4,0.0.0.0.0,null,null,null,511.511.515.560.-1,0 checked,)
SHIP(,642,"軽巡棲姫",3,290.290,175.175,74.74,96.96,55.55,null,10,2,4,0.0.0.0.0,null,null,null,511.511.515.560.-1,0 checked,)
SHIP(,643,"軽巡棲姫",3,330.330,185.185,79.79,99.99,55.55,null,10,2,4,0.0.0.0.0,null,null,null,511.511.515.560.-1,0 checked,)
SHIP(,644,"潜水棲姫",13,110.110,53.53,50.50,140.140,0.0,null,5,1,3,0.0.0.0.0,null,null,null,515.515.515.-1.-1,0 checked,)
SHIP(,645,"潜水棲姫",13,130.130,73.73,70.70,155.155,0.0,null,5,1,3,0.0.0.0.0,null,null,null,541.515.515.-1.-1,0 checked,)
SHIP(,646,"潜水棲姫",13,160.160,93.93,90.90,170.170,0.0,null,5,1,3,0.0.0.0.0,null,null,null,541.541.515.-1.-1,0 checked,)
SHIP(,647,"駆逐水鬼",2,255.255,150.150,100.100,110.110,70.70,null,10,1,4,0.0.0.0.0,null,null,null,502.502.515.531.-1,0 checked,)
SHIP(,648,"駆逐水鬼",2,255.255,170.170,120.120,120.120,80.80,null,10,1,4,0.0.0.0.0,null,null,null,502.502.515.531.-1,0 checked,)
SHIP(,649,"駆逐水鬼",2,255.255,180.180,140.140,130.130,90.90,null,10,1,4,0.0.0.0.0,null,null,null,502.502.541.531.-1,0 checked,)
SHIP(,650,"飛行場姫",12,500.500,120.140,50.50,0.0,120,null,0,1,4,12.12.6.6.0,null,0.0,null,561.561.561.561.-1,0 checked,)
SHIP(,651,"飛行場姫",12,500.500,120.140,60.60,0.0,120,null,0,1,4,24.12.6.6.0,null,0.0,null,562.561.561.561.-1,0 checked,)
SHIP(,652,"飛行場姫",12,500.500,120.140,70.70,0.0,120,null,0,1,4,24.24.12.12.0,null,0.0,null,562.562.561.561.-1,0 checked,)
SHIP(,653,"集積地棲姫",12,600.600,100.100,70.70,88.88,60.60,null,0,3,4,12.12.6.6.0,null,0.0,null,561.561.561.561.-1,0 checked,)
SHIP(,654,"集積地棲姫",12,600.600,130.130,90.90,98.98,70.70,null,0,3,4,24.12.6.6.0,null,0.0,null,562.561.561.561.-1,0 checked,)
SHIP(,655,"集積地棲姫",12,600.600,160.160,130.130,118.118,80.80,null,0,3,4,24.24.12.12.0,null,0.0,null,562.562.561.561.-1,0 checked,)
SHIP(,656,"集積地棲姫-壊",12,0.0,0.0,0.0,0.0,0.0,null,0,3,4,24.12.6.6.0,null,0.0,null,562.561.561.561.-1,0 checked,)
SHIP(,657,"集積地棲姫-壊",12,0.0,0.0,0.0,0.0,0.0,null,0,3,4,24.24.12.12.0,null,0.0,null,562.562.561.561.-1,0 checked,)
SHIP(,658,"集積地棲姫-壊",12,480.480,190.190,118.118,80.80,90.90,null,0,3,4,36.24.24.12.0,null,0.0,null,562.562.562.561.-1,0 checked,)
SHIP(,659,"重巡棲姫",5,350.350,145.145,100.100,66.66,72.72,null,10,2,4,null,null,0.0,null,563.563.515.564.-1,0 checked,)
SHIP(,660,"重巡棲姫",5,350.350,175.175,130.130,74.74,79.79,null,10,2,4,null,null,0.0,null,563.563.515.564.-1,0 checked,)
SHIP(,661,"重巡棲姫",5,350.350,195.195,160.160,82.82,86.86,null,10,2,4,null,null,0.0,null,563.563.515.564.-1,0 checked,)
SHIP(,662,"重巡棲姫",5,370.370,158.158,130.130,74.74,79.79,null,10,2,4,null,null,0.0,null,563.563.515.564.-1,0 checked,)
SHIP(,663,"重巡棲姫",5,380.380,188.188,160.160,82.82,86.86,null,10,2,4,null,null,0.0,null,563.563.515.564.-1,0 checked,)
SHIP(,664,"重巡棲姫",5,390.390,208.208,190.190,90.90,93.93,null,10,2,4,null,null,0.0,null,563.563.515.564.-1,0 checked,)
